week_start,sku_id,cluster_id,units_sold,promo_active,price_avg
2024-11-18,SKU-1042,C-EAST,14,false,23.12
2024-11-25,SKU-1042,C-EAST,16,false,22.74
2024-12-02,SKU-1042,C-EAST,14,false,22.83
2024-12-09,SKU-1042,C-EAST,15,false,22.41
2024-12-16,SKU-1042,C-EAST,16,false,23.64
2024-12-23,SKU-1042,C-EAST,11,false,23.08
2024-12-30,SKU-1042,C-EAST,14,false,22.48
2025-01-06,SKU-1042,C-EAST,16,false,22.71
2025-01-13,SKU-1042,C-EAST,14,false,22.89
2025-01-20,SKU-1042,C-EAST,14,false,22.87
2025-01-27,SKU-1042,C-EAST,20,false,22.64
2025-02-03,SKU-1042,C-EAST,18,false,22.63
2025-02-10,SKU-1042,C-EAST,15,false,22.56
2025-02-17,SKU-1042,C-EAST,21,false,22.44
2025-02-24,SKU-1042,C-EAST,22,false,22.75
2025-03-03,SKU-1042,C-EAST,31,false,23.15
2025-03-10,SKU-1042,C-EAST,24,false,22.75
2025-03-17,SKU-1042,C-EAST,23,false,23.41
2025-03-24,SKU-1042,C-EAST,34,false,22.48
2025-03-31,SKU-1042,C-EAST,22,false,22.73
2025-04-07,SKU-1042,C-EAST,36,false,22.72
2025-04-14,SKU-1042,C-EAST,30,false,23.62
2025-04-21,SKU-1042,C-EAST,33,false,23.25
2025-04-28,SKU-1042,C-EAST,36,false,22.97
2025-05-05,SKU-1042,C-EAST,53,false,22.81
2025-05-12,SKU-1042,C-EAST,38,false,23.42
2025-05-19,SKU-1042,C-EAST,41,false,23.07
2025-05-26,SKU-1042,C-EAST,39,false,23.11
2025-06-02,SKU-1042,C-EAST,28,false,23.05
2025-06-09,SKU-1042,C-EAST,39,false,23.6
2025-06-16,SKU-1042,C-EAST,37,false,22.9
2025-06-23,SKU-1042,C-EAST,48,false,22.69
2025-06-30,SKU-1042,C-EAST,40,false,23.39
2025-07-07,SKU-1042,C-EAST,34,false,22.85
2025-07-14,SKU-1042,C-EAST,29,false,22.62
2025-07-21,SKU-1042,C-EAST,37,false,23.2
2025-07-28,SKU-1042,C-EAST,44,false,22.39
2025-08-04,SKU-1042,C-EAST,32,false,23.66
2025-08-11,SKU-1042,C-EAST,34,false,22.99
2025-08-18,SKU-1042,C-EAST,33,false,23.56
2025-08-25,SKU-1042,C-EAST,30,false,23.38
2025-09-01,SKU-1042,C-EAST,30,false,22.79
2025-09-08,SKU-1042,C-EAST,38,false,23.17
2025-09-15,SKU-1042,C-EAST,38,false,22.41
2025-09-22,SKU-1042,C-EAST,29,false,22.78
2025-09-29,SKU-1042,C-EAST,44,true,23.18
2025-10-06,SKU-1042,C-EAST,57,true,23.22
2025-10-13,SKU-1042,C-EAST,53,true,22.84
2025-10-20,SKU-1042,C-EAST,22,false,22.88
2025-10-27,SKU-1042,C-EAST,17,false,22.31
2025-11-03,SKU-1042,C-EAST,18,false,23.01
2025-11-10,SKU-1042,C-EAST,18,false,23.09
2025-11-17,SKU-1042,C-EAST,13,false,22.83
2025-11-24,SKU-1042,C-EAST,13,false,23.36
2025-12-01,SKU-1042,C-EAST,12,false,22.77
2025-12-08,SKU-1042,C-EAST,14,false,22.32
2025-12-15,SKU-1042,C-EAST,15,false,23.62
2025-12-22,SKU-1042,C-EAST,15,false,22.45
2025-12-29,SKU-1042,C-EAST,12,false,22.72
2026-01-05,SKU-1042,C-EAST,13,false,22.92
2026-01-12,SKU-1042,C-EAST,35,true,22.95
2026-01-19,SKU-1042,C-EAST,19,false,22.89
2026-01-26,SKU-1042,C-EAST,17,false,22.7
2026-02-02,SKU-1042,C-EAST,16,false,23.41
2026-02-09,SKU-1042,C-EAST,20,false,23.18
2026-02-16,SKU-1042,C-EAST,23,false,23.22
2026-02-23,SKU-1042,C-EAST,26,false,22.63
2026-03-02,SKU-1042,C-EAST,60,true,22.53
2026-03-09,SKU-1042,C-EAST,61,true,23.61
2026-03-16,SKU-1042,C-EAST,59,true,22.61
2026-03-23,SKU-1042,C-EAST,22,false,23.17
2026-03-30,SKU-1042,C-EAST,32,false,22.89
2026-04-06,SKU-1042,C-EAST,39,false,22.56
2026-04-13,SKU-1042,C-EAST,37,false,23.11
2026-04-20,SKU-1042,C-EAST,32,false,22.57
2026-04-27,SKU-1042,C-EAST,45,false,23.33
2026-05-04,SKU-1042,C-EAST,35,false,22.43
2026-05-11,SKU-1042,C-EAST,32,false,23.49
2024-11-18,SKU-1042,C-WEST,9,false,22.92
2024-11-25,SKU-1042,C-WEST,11,false,22.65
2024-12-02,SKU-1042,C-WEST,10,false,23.17
2024-12-09,SKU-1042,C-WEST,9,false,23.11
2024-12-16,SKU-1042,C-WEST,9,false,22.77
2024-12-23,SKU-1042,C-WEST,8,false,23.46
2024-12-30,SKU-1042,C-WEST,7,false,23.26
2025-01-06,SKU-1042,C-WEST,8,false,22.7
2025-01-13,SKU-1042,C-WEST,9,false,22.48
2025-01-20,SKU-1042,C-WEST,9,false,22.45
2025-01-27,SKU-1042,C-WEST,13,false,23.25
2025-02-03,SKU-1042,C-WEST,10,false,22.99
2025-02-10,SKU-1042,C-WEST,12,false,22.82
2025-02-17,SKU-1042,C-WEST,12,false,22.55
2025-02-24,SKU-1042,C-WEST,12,false,23.18
2025-03-03,SKU-1042,C-WEST,13,false,23.67
2025-03-10,SKU-1042,C-WEST,15,false,22.48
2025-03-17,SKU-1042,C-WEST,17,false,22.72
2025-03-24,SKU-1042,C-WEST,17,false,22.79
2025-03-31,SKU-1042,C-WEST,17,false,22.3
2025-04-07,SKU-1042,C-WEST,21,false,23.62
2025-04-14,SKU-1042,C-WEST,25,false,22.99
2025-04-21,SKU-1042,C-WEST,18,false,22.86
2025-04-28,SKU-1042,C-WEST,20,false,23.45
2025-05-05,SKU-1042,C-WEST,25,false,22.33
2025-05-12,SKU-1042,C-WEST,25,false,23.34
2025-05-19,SKU-1042,C-WEST,24,false,23.03
2025-05-26,SKU-1042,C-WEST,28,false,22.52
2025-06-02,SKU-1042,C-WEST,26,false,23.35
2025-06-09,SKU-1042,C-WEST,25,false,23.05
2025-06-16,SKU-1042,C-WEST,25,false,23.36
2025-06-23,SKU-1042,C-WEST,27,false,23.43
2025-06-30,SKU-1042,C-WEST,22,false,22.35
2025-07-07,SKU-1042,C-WEST,30,false,23.28
2025-07-14,SKU-1042,C-WEST,19,false,22.43
2025-07-21,SKU-1042,C-WEST,27,false,23.44
2025-07-28,SKU-1042,C-WEST,28,false,23.67
2025-08-04,SKU-1042,C-WEST,24,false,22.91
2025-08-11,SKU-1042,C-WEST,21,false,22.9
2025-08-18,SKU-1042,C-WEST,26,false,23.66
2025-08-25,SKU-1042,C-WEST,20,false,23.41
2025-09-01,SKU-1042,C-WEST,18,false,23.1
2025-09-08,SKU-1042,C-WEST,18,false,23.16
2025-09-15,SKU-1042,C-WEST,25,false,22.52
2025-09-22,SKU-1042,C-WEST,19,false,22.58
2025-09-29,SKU-1042,C-WEST,17,false,22.37
2025-10-06,SKU-1042,C-WEST,16,false,23.03
2025-10-13,SKU-1042,C-WEST,18,false,22.74
2025-10-20,SKU-1042,C-WEST,14,false,22.66
2025-10-27,SKU-1042,C-WEST,12,false,23.47
2025-11-03,SKU-1042,C-WEST,13,false,22.42
2025-11-10,SKU-1042,C-WEST,9,false,23.62
2025-11-17,SKU-1042,C-WEST,10,false,23.66
2025-11-24,SKU-1042,C-WEST,7,false,23.49
2025-12-01,SKU-1042,C-WEST,10,false,22.63
2025-12-08,SKU-1042,C-WEST,11,false,23.27
2025-12-15,SKU-1042,C-WEST,10,false,23.22
2025-12-22,SKU-1042,C-WEST,7,false,22.97
2025-12-29,SKU-1042,C-WEST,8,false,22.86
2026-01-05,SKU-1042,C-WEST,8,false,22.91
2026-01-12,SKU-1042,C-WEST,21,true,22.42
2026-01-19,SKU-1042,C-WEST,10,false,23.0
2026-01-26,SKU-1042,C-WEST,8,false,22.8
2026-02-02,SKU-1042,C-WEST,12,false,23.6
2026-02-09,SKU-1042,C-WEST,12,false,23.36
2026-02-16,SKU-1042,C-WEST,14,false,23.3
2026-02-23,SKU-1042,C-WEST,15,false,23.21
2026-03-02,SKU-1042,C-WEST,35,true,22.78
2026-03-09,SKU-1042,C-WEST,46,true,22.59
2026-03-16,SKU-1042,C-WEST,41,true,22.88
2026-03-23,SKU-1042,C-WEST,17,false,23.43
2026-03-30,SKU-1042,C-WEST,20,false,22.76
2026-04-06,SKU-1042,C-WEST,19,false,22.96
2026-04-13,SKU-1042,C-WEST,17,false,22.76
2026-04-20,SKU-1042,C-WEST,23,false,22.43
2026-04-27,SKU-1042,C-WEST,26,false,23.37
2026-05-04,SKU-1042,C-WEST,25,false,23.47
2026-05-11,SKU-1042,C-WEST,28,false,22.9
2025-12-01,SKU-1002,C-EAST,4,false,50.48
2025-12-08,SKU-1002,C-EAST,5,false,52.87
2025-12-15,SKU-1002,C-EAST,5,false,50.76
2025-12-22,SKU-1002,C-EAST,8,false,51.13
2025-12-29,SKU-1002,C-EAST,11,false,51.21
2026-01-05,SKU-1002,C-EAST,10,false,50.93
2026-01-12,SKU-1002,C-EAST,8,false,52.01
2026-01-19,SKU-1002,C-EAST,8,false,52.16
2026-01-26,SKU-1002,C-EAST,11,false,50.39
2026-02-02,SKU-1002,C-EAST,11,false,50.68
2026-02-09,SKU-1002,C-EAST,13,false,52.13
2026-02-16,SKU-1002,C-EAST,14,false,52.51
2026-02-23,SKU-1002,C-EAST,14,false,50.39
2026-03-02,SKU-1002,C-EAST,14,false,50.2
2026-03-09,SKU-1002,C-EAST,15,false,50.3
2026-03-16,SKU-1002,C-EAST,22,false,50.95
2026-03-23,SKU-1002,C-EAST,23,false,52.38
2026-03-30,SKU-1002,C-EAST,22,false,52.31
2026-04-06,SKU-1002,C-EAST,25,false,50.43
2026-04-13,SKU-1002,C-EAST,29,false,51.62
2026-04-20,SKU-1002,C-EAST,34,false,51.34
2026-04-27,SKU-1002,C-EAST,32,false,52.22
2026-05-04,SKU-1002,C-EAST,33,false,51.26
2026-05-11,SKU-1002,C-EAST,33,false,52.11
2025-12-01,SKU-1002,C-WEST,0,false,52.31
2025-12-08,SKU-1002,C-WEST,3,false,51.81
2025-12-15,SKU-1002,C-WEST,3,false,50.96
2025-12-22,SKU-1002,C-WEST,4,false,50.42
2025-12-29,SKU-1002,C-WEST,4,false,51.7
2026-01-05,SKU-1002,C-WEST,4,false,51.84
2026-01-12,SKU-1002,C-WEST,4,false,52.12
2026-01-19,SKU-1002,C-WEST,5,false,52.61
2026-01-26,SKU-1002,C-WEST,5,false,51.58
2026-02-02,SKU-1002,C-WEST,4,false,51.56
2026-02-09,SKU-1002,C-WEST,5,false,50.15
2026-02-16,SKU-1002,C-WEST,5,false,52.76
2026-02-23,SKU-1002,C-WEST,7,false,50.33
2026-03-02,SKU-1002,C-WEST,7,false,51.53
2026-03-09,SKU-1002,C-WEST,6,false,53.01
2026-03-16,SKU-1002,C-WEST,8,false,53.04
2026-03-23,SKU-1002,C-WEST,7,false,52.65
2026-03-30,SKU-1002,C-WEST,7,false,51.74
2026-04-06,SKU-1002,C-WEST,8,false,52.34
2026-04-13,SKU-1002,C-WEST,10,false,52.94
2026-04-20,SKU-1002,C-WEST,13,false,50.19
2026-04-27,SKU-1002,C-WEST,12,false,50.79
2026-05-04,SKU-1002,C-WEST,13,false,52.42
2026-05-11,SKU-1002,C-WEST,14,false,51.55
2024-11-18,SKU-1003,C-EAST,27,false,30.67
2024-11-25,SKU-1003,C-EAST,24,false,30.05
2024-12-02,SKU-1003,C-EAST,21,false,29.92
2024-12-09,SKU-1003,C-EAST,20,false,31.02
2024-12-16,SKU-1003,C-EAST,14,false,30.71
2024-12-23,SKU-1003,C-EAST,15,false,31.07
2024-12-30,SKU-1003,C-EAST,18,false,30.82
2025-01-06,SKU-1003,C-EAST,17,false,30.88
2025-01-13,SKU-1003,C-EAST,17,false,29.7
2025-01-20,SKU-1003,C-EAST,20,false,30.34
2025-01-27,SKU-1003,C-EAST,14,false,30.11
2025-02-03,SKU-1003,C-EAST,21,false,30.9
2025-02-10,SKU-1003,C-EAST,21,false,30.84
2025-02-17,SKU-1003,C-EAST,25,false,30.83
2025-02-24,SKU-1003,C-EAST,28,false,30.5
2025-03-03,SKU-1003,C-EAST,40,false,30.98
2025-03-10,SKU-1003,C-EAST,28,false,29.78
2025-03-17,SKU-1003,C-EAST,33,false,30.97
2025-03-24,SKU-1003,C-EAST,29,false,30.96
2025-03-31,SKU-1003,C-EAST,63,false,29.6
2025-04-07,SKU-1003,C-EAST,37,false,29.66
2025-04-14,SKU-1003,C-EAST,44,false,30.85
2025-04-21,SKU-1003,C-EAST,57,false,30.38
2025-04-28,SKU-1003,C-EAST,55,false,30.2
2025-05-05,SKU-1003,C-EAST,50,false,30.22
2025-05-12,SKU-1003,C-EAST,56,false,30.01
2025-05-19,SKU-1003,C-EAST,59,false,30.87
2025-05-26,SKU-1003,C-EAST,57,false,29.96
2025-06-02,SKU-1003,C-EAST,51,false,31.12
2025-06-09,SKU-1003,C-EAST,66,false,29.99
2025-06-16,SKU-1003,C-EAST,57,false,29.82
2025-06-23,SKU-1003,C-EAST,73,false,31.25
2025-06-30,SKU-1003,C-EAST,75,false,31.22
2025-07-07,SKU-1003,C-EAST,56,false,30.9
2025-07-14,SKU-1003,C-EAST,59,false,30.31
2025-07-21,SKU-1003,C-EAST,63,false,30.86
2025-07-28,SKU-1003,C-EAST,50,false,30.23
2025-08-04,SKU-1003,C-EAST,56,false,30.46
2025-08-11,SKU-1003,C-EAST,65,false,31.02
2025-08-18,SKU-1003,C-EAST,58,false,31.34
2025-08-25,SKU-1003,C-EAST,65,false,30.4
2025-09-01,SKU-1003,C-EAST,48,false,30.06
2025-09-08,SKU-1003,C-EAST,42,false,30.56
2025-09-15,SKU-1003,C-EAST,32,false,29.56
2025-09-22,SKU-1003,C-EAST,39,false,30.1
2025-09-29,SKU-1003,C-EAST,45,false,30.68
2025-10-06,SKU-1003,C-EAST,34,false,30.45
2025-10-13,SKU-1003,C-EAST,39,false,30.96
2025-10-20,SKU-1003,C-EAST,34,false,30.94
2025-10-27,SKU-1003,C-EAST,30,false,29.99
2025-11-03,SKU-1003,C-EAST,23,false,29.97
2025-11-10,SKU-1003,C-EAST,20,false,30.18
2025-11-17,SKU-1003,C-EAST,23,false,31.28
2025-11-24,SKU-1003,C-EAST,16,false,29.55
2025-12-01,SKU-1003,C-EAST,16,false,30.88
2025-12-08,SKU-1003,C-EAST,17,false,29.74
2025-12-15,SKU-1003,C-EAST,18,false,30.45
2025-12-22,SKU-1003,C-EAST,18,false,29.66
2025-12-29,SKU-1003,C-EAST,18,false,29.72
2026-01-05,SKU-1003,C-EAST,16,false,31.23
2026-01-12,SKU-1003,C-EAST,17,false,30.83
2026-01-19,SKU-1003,C-EAST,17,false,30.23
2026-01-26,SKU-1003,C-EAST,26,false,29.72
2026-02-02,SKU-1003,C-EAST,21,false,29.79
2026-02-09,SKU-1003,C-EAST,29,false,30.58
2026-02-16,SKU-1003,C-EAST,29,false,30.34
2026-02-23,SKU-1003,C-EAST,26,false,30.02
2026-03-02,SKU-1003,C-EAST,27,false,30.12
2026-03-09,SKU-1003,C-EAST,35,false,30.89
2026-03-16,SKU-1003,C-EAST,31,false,30.13
2026-03-23,SKU-1003,C-EAST,46,false,29.92
2026-03-30,SKU-1003,C-EAST,51,false,30.97
2026-04-06,SKU-1003,C-EAST,48,false,29.85
2026-04-13,SKU-1003,C-EAST,51,false,30.4
2026-04-20,SKU-1003,C-EAST,43,false,31.31
2026-04-27,SKU-1003,C-EAST,51,false,29.93
2026-05-04,SKU-1003,C-EAST,58,false,29.77
2026-05-11,SKU-1003,C-EAST,60,false,29.83
2024-11-18,SKU-1003,C-WEST,14,false,30.82
2024-11-25,SKU-1003,C-WEST,12,false,29.62
2024-12-02,SKU-1003,C-WEST,14,false,29.71
2024-12-09,SKU-1003,C-WEST,12,false,30.0
2024-12-16,SKU-1003,C-WEST,10,false,30.78
2024-12-23,SKU-1003,C-WEST,12,false,30.02
2024-12-30,SKU-1003,C-WEST,12,false,30.29
2025-01-06,SKU-1003,C-WEST,8,false,30.37
2025-01-13,SKU-1003,C-WEST,10,false,30.39
2025-01-20,SKU-1003,C-WEST,10,false,31.02
2025-01-27,SKU-1003,C-WEST,13,false,31.06
2025-02-03,SKU-1003,C-WEST,15,false,31.34
2025-02-10,SKU-1003,C-WEST,18,false,30.23
2025-02-17,SKU-1003,C-WEST,19,false,30.7
2025-02-24,SKU-1003,C-WEST,16,false,30.02
2025-03-03,SKU-1003,C-WEST,19,false,31.03
2025-03-10,SKU-1003,C-WEST,18,false,31.2
2025-03-17,SKU-1003,C-WEST,20,false,30.36
2025-03-24,SKU-1003,C-WEST,30,false,31.06
2025-03-31,SKU-1003,C-WEST,30,false,30.15
2025-04-07,SKU-1003,C-WEST,44,false,29.85
2025-04-14,SKU-1003,C-WEST,36,false,30.6
2025-04-21,SKU-1003,C-WEST,34,false,29.6
2025-04-28,SKU-1003,C-WEST,29,false,30.79
2025-05-05,SKU-1003,C-WEST,29,false,29.89
2025-05-12,SKU-1003,C-WEST,38,false,30.06
2025-05-19,SKU-1003,C-WEST,32,false,30.68
2025-05-26,SKU-1003,C-WEST,37,false,30.0
2025-06-02,SKU-1003,C-WEST,36,false,30.55
2025-06-09,SKU-1003,C-WEST,45,false,29.66
2025-06-16,SKU-1003,C-WEST,42,false,29.91
2025-06-23,SKU-1003,C-WEST,60,false,31.16
2025-06-30,SKU-1003,C-WEST,41,false,31.01
2025-07-07,SKU-1003,C-WEST,39,false,31.0
2025-07-14,SKU-1003,C-WEST,50,false,30.2
2025-07-21,SKU-1003,C-WEST,33,false,30.54
2025-07-28,SKU-1003,C-WEST,27,false,30.46
2025-08-04,SKU-1003,C-WEST,38,false,30.26
2025-08-11,SKU-1003,C-WEST,36,false,29.95
2025-08-18,SKU-1003,C-WEST,43,false,31.18
2025-08-25,SKU-1003,C-WEST,35,false,31.36
2025-09-01,SKU-1003,C-WEST,36,false,30.51
2025-09-08,SKU-1003,C-WEST,31,false,31.33
2025-09-15,SKU-1003,C-WEST,15,false,29.73
2025-09-22,SKU-1003,C-WEST,20,false,31.04
2025-09-29,SKU-1003,C-WEST,21,false,31.22
2025-10-06,SKU-1003,C-WEST,27,false,29.95
2025-10-13,SKU-1003,C-WEST,27,false,31.09
2025-10-20,SKU-1003,C-WEST,23,false,31.08
2025-10-27,SKU-1003,C-WEST,21,false,31.09
2025-11-03,SKU-1003,C-WEST,21,false,31.02
2025-11-10,SKU-1003,C-WEST,16,false,30.82
2025-11-17,SKU-1003,C-WEST,13,false,30.83
2025-11-24,SKU-1003,C-WEST,10,false,31.28
2025-12-01,SKU-1003,C-WEST,9,false,29.89
2025-12-08,SKU-1003,C-WEST,10,false,31.35
2025-12-15,SKU-1003,C-WEST,16,false,30.11
2025-12-22,SKU-1003,C-WEST,16,false,30.44
2025-12-29,SKU-1003,C-WEST,14,false,29.95
2026-01-05,SKU-1003,C-WEST,14,false,30.51
2026-01-12,SKU-1003,C-WEST,17,false,29.91
2026-01-19,SKU-1003,C-WEST,11,false,29.78
2026-01-26,SKU-1003,C-WEST,12,false,31.09
2026-02-02,SKU-1003,C-WEST,11,false,30.14
2026-02-09,SKU-1003,C-WEST,16,false,31.22
2026-02-16,SKU-1003,C-WEST,18,false,30.96
2026-02-23,SKU-1003,C-WEST,22,false,31.3
2026-03-02,SKU-1003,C-WEST,20,false,30.23
2026-03-09,SKU-1003,C-WEST,23,false,29.73
2026-03-16,SKU-1003,C-WEST,20,false,30.1
2026-03-23,SKU-1003,C-WEST,25,false,31.28
2026-03-30,SKU-1003,C-WEST,28,false,30.99
2026-04-06,SKU-1003,C-WEST,30,false,29.86
2026-04-13,SKU-1003,C-WEST,31,false,31.32
2026-04-20,SKU-1003,C-WEST,31,false,30.98
2026-04-27,SKU-1003,C-WEST,32,false,29.95
2026-05-04,SKU-1003,C-WEST,38,false,30.11
2026-05-11,SKU-1003,C-WEST,41,false,30.8
2026-01-26,SKU-1004,C-EAST,4,false,38.9
2026-02-02,SKU-1004,C-EAST,11,false,36.78
2026-02-09,SKU-1004,C-EAST,14,true,33.91
2026-02-16,SKU-1004,C-EAST,23,true,30.52
2026-02-23,SKU-1004,C-EAST,22,true,30.15
2026-03-02,SKU-1004,C-EAST,31,true,32.9
2026-03-09,SKU-1004,C-EAST,22,false,37.09
2026-03-16,SKU-1004,C-EAST,28,false,38.71
2026-03-23,SKU-1004,C-EAST,28,false,38.16
2026-03-30,SKU-1004,C-EAST,25,false,38.72
2026-04-06,SKU-1004,C-EAST,20,false,37.27
2026-04-13,SKU-1004,C-EAST,28,false,36.86
2026-04-20,SKU-1004,C-EAST,31,false,36.71
2026-04-27,SKU-1004,C-EAST,30,false,37.58
2026-05-04,SKU-1004,C-EAST,28,false,38.71
2026-05-11,SKU-1004,C-EAST,19,false,37.82
2026-01-26,SKU-1004,C-WEST,3,false,36.94
2026-02-02,SKU-1004,C-WEST,6,false,37.79
2026-02-09,SKU-1004,C-WEST,21,true,32.64
2026-02-16,SKU-1004,C-WEST,18,true,30.25
2026-02-23,SKU-1004,C-WEST,31,true,30.85
2026-03-02,SKU-1004,C-WEST,49,true,30.96
2026-03-09,SKU-1004,C-WEST,14,false,37.09
2026-03-16,SKU-1004,C-WEST,14,false,37.56
2026-03-23,SKU-1004,C-WEST,13,false,38.74
2026-03-30,SKU-1004,C-WEST,14,false,36.92
2026-04-06,SKU-1004,C-WEST,14,false,37.8
2026-04-13,SKU-1004,C-WEST,16,false,36.78
2026-04-20,SKU-1004,C-WEST,22,false,38.72
2026-04-27,SKU-1004,C-WEST,19,false,37.06
2026-05-04,SKU-1004,C-WEST,22,false,37.14
2026-05-11,SKU-1004,C-WEST,22,false,38.29
2026-01-26,SKU-1005,C-EAST,8,false,46.5
2026-02-02,SKU-1005,C-EAST,12,false,47.24
2026-02-09,SKU-1005,C-EAST,15,false,46.1
2026-02-16,SKU-1005,C-EAST,23,false,45.73
2026-02-23,SKU-1005,C-EAST,26,false,45.47
2026-03-02,SKU-1005,C-EAST,25,false,44.98
2026-03-09,SKU-1005,C-EAST,34,false,45.14
2026-03-16,SKU-1005,C-EAST,33,false,47.25
2026-03-23,SKU-1005,C-EAST,27,false,46.27
2026-03-30,SKU-1005,C-EAST,40,false,46.75
2026-04-06,SKU-1005,C-EAST,46,false,45.42
2026-04-13,SKU-1005,C-EAST,46,false,47.37
2026-04-20,SKU-1005,C-EAST,41,false,45.64
2026-04-27,SKU-1005,C-EAST,54,false,46.2
2026-05-04,SKU-1005,C-EAST,41,false,45.08
2026-05-11,SKU-1005,C-EAST,41,false,47.0
2026-01-26,SKU-1005,C-WEST,4,false,45.87
2026-02-02,SKU-1005,C-WEST,6,false,46.42
2026-02-09,SKU-1005,C-WEST,11,false,46.45
2026-02-16,SKU-1005,C-WEST,14,false,47.25
2026-02-23,SKU-1005,C-WEST,19,false,46.4
2026-03-02,SKU-1005,C-WEST,16,false,47.32
2026-03-09,SKU-1005,C-WEST,15,false,46.23
2026-03-16,SKU-1005,C-WEST,18,false,45.13
2026-03-23,SKU-1005,C-WEST,22,false,46.31
2026-03-30,SKU-1005,C-WEST,20,false,47.41
2026-04-06,SKU-1005,C-WEST,27,false,46.63
2026-04-13,SKU-1005,C-WEST,19,false,45.25
2026-04-20,SKU-1005,C-WEST,27,false,47.65
2026-04-27,SKU-1005,C-WEST,31,false,47.61
2026-05-04,SKU-1005,C-WEST,33,false,46.09
2026-05-11,SKU-1005,C-WEST,31,false,47.66
2024-11-18,SKU-1006,C-EAST,19,false,47.76
2024-11-25,SKU-1006,C-EAST,22,false,45.39
2024-12-02,SKU-1006,C-EAST,15,false,46.11
2024-12-09,SKU-1006,C-EAST,16,false,45.97
2024-12-16,SKU-1006,C-EAST,9,false,47.4
2024-12-23,SKU-1006,C-EAST,9,false,46.94
2024-12-30,SKU-1006,C-EAST,10,false,46.36
2025-01-06,SKU-1006,C-EAST,14,false,45.62
2025-01-13,SKU-1006,C-EAST,12,false,47.83
2025-01-20,SKU-1006,C-EAST,19,false,47.79
2025-01-27,SKU-1006,C-EAST,24,false,46.0
2025-02-03,SKU-1006,C-EAST,20,false,46.7
2025-02-10,SKU-1006,C-EAST,14,false,46.27
2025-02-17,SKU-1006,C-EAST,20,false,46.56
2025-02-24,SKU-1006,C-EAST,17,false,45.97
2025-03-03,SKU-1006,C-EAST,22,false,45.6
2025-03-10,SKU-1006,C-EAST,22,false,45.31
2025-03-17,SKU-1006,C-EAST,26,false,47.69
2025-03-24,SKU-1006,C-EAST,32,false,47.29
2025-03-31,SKU-1006,C-EAST,33,false,47.78
2025-04-07,SKU-1006,C-EAST,30,false,47.49
2025-04-14,SKU-1006,C-EAST,24,false,46.05
2025-04-21,SKU-1006,C-EAST,27,false,47.15
2025-04-28,SKU-1006,C-EAST,40,false,45.48
2025-05-05,SKU-1006,C-EAST,44,false,47.93
2025-05-12,SKU-1006,C-EAST,48,false,46.44
2025-05-19,SKU-1006,C-EAST,41,false,46.37
2025-05-26,SKU-1006,C-EAST,42,false,47.01
2025-06-02,SKU-1006,C-EAST,41,false,47.51
2025-06-09,SKU-1006,C-EAST,39,false,47.27
2025-06-16,SKU-1006,C-EAST,36,false,47.5
2025-06-23,SKU-1006,C-EAST,30,false,46.64
2025-06-30,SKU-1006,C-EAST,53,false,46.62
2025-07-07,SKU-1006,C-EAST,62,false,45.58
2025-07-14,SKU-1006,C-EAST,49,false,45.28
2025-07-21,SKU-1006,C-EAST,36,false,45.74
2025-07-28,SKU-1006,C-EAST,39,false,45.9
2025-08-04,SKU-1006,C-EAST,27,false,46.48
2025-08-11,SKU-1006,C-EAST,39,false,45.97
2025-08-18,SKU-1006,C-EAST,54,true,47.5
2025-08-25,SKU-1006,C-EAST,44,true,45.55
2025-09-01,SKU-1006,C-EAST,38,false,45.29
2025-09-08,SKU-1006,C-EAST,36,false,45.7
2025-09-15,SKU-1006,C-EAST,33,false,47.64
2025-09-22,SKU-1006,C-EAST,23,false,45.66
2025-09-29,SKU-1006,C-EAST,22,false,47.7
2025-10-06,SKU-1006,C-EAST,26,false,46.0
2025-10-13,SKU-1006,C-EAST,21,false,46.28
2025-10-20,SKU-1006,C-EAST,23,false,47.9
2025-10-27,SKU-1006,C-EAST,25,false,47.6
2025-11-03,SKU-1006,C-EAST,16,false,45.95
2025-11-10,SKU-1006,C-EAST,12,false,46.35
2025-11-17,SKU-1006,C-EAST,17,false,47.35
2025-11-24,SKU-1006,C-EAST,14,false,45.23
2025-12-01,SKU-1006,C-EAST,15,false,46.88
2025-12-08,SKU-1006,C-EAST,11,false,45.23
2025-12-15,SKU-1006,C-EAST,14,false,46.06
2025-12-22,SKU-1006,C-EAST,19,false,47.91
2025-12-29,SKU-1006,C-EAST,12,false,46.25
2026-01-05,SKU-1006,C-EAST,25,true,38.3
2026-01-12,SKU-1006,C-EAST,28,true,40.13
2026-01-19,SKU-1006,C-EAST,37,true,40.96
2026-01-26,SKU-1006,C-EAST,16,false,46.63
2026-02-02,SKU-1006,C-EAST,18,false,47.05
2026-02-09,SKU-1006,C-EAST,19,false,47.01
2026-02-16,SKU-1006,C-EAST,19,false,46.9
2026-02-23,SKU-1006,C-EAST,25,false,45.38
2026-03-02,SKU-1006,C-EAST,21,false,47.97
2026-03-09,SKU-1006,C-EAST,19,false,45.93
2026-03-16,SKU-1006,C-EAST,18,false,47.19
2026-03-23,SKU-1006,C-EAST,23,false,45.62
2026-03-30,SKU-1006,C-EAST,27,false,47.34
2026-04-06,SKU-1006,C-EAST,35,false,47.45
2026-04-13,SKU-1006,C-EAST,51,false,46.88
2026-04-20,SKU-1006,C-EAST,34,false,47.22
2026-04-27,SKU-1006,C-EAST,33,false,47.03
2026-05-04,SKU-1006,C-EAST,36,false,46.37
2026-05-11,SKU-1006,C-EAST,38,false,46.29
2024-11-18,SKU-1006,C-WEST,11,false,46.8
2024-11-25,SKU-1006,C-WEST,9,false,45.73
2024-12-02,SKU-1006,C-WEST,8,false,46.7
2024-12-09,SKU-1006,C-WEST,7,false,47.4
2024-12-16,SKU-1006,C-WEST,9,false,46.62
2024-12-23,SKU-1006,C-WEST,8,false,47.57
2024-12-30,SKU-1006,C-WEST,10,false,45.71
2025-01-06,SKU-1006,C-WEST,7,false,45.47
2025-01-13,SKU-1006,C-WEST,10,false,47.46
2025-01-20,SKU-1006,C-WEST,9,false,47.34
2025-01-27,SKU-1006,C-WEST,9,false,46.14
2025-02-03,SKU-1006,C-WEST,10,false,45.45
2025-02-10,SKU-1006,C-WEST,8,false,46.06
2025-02-17,SKU-1006,C-WEST,15,false,47.41
2025-02-24,SKU-1006,C-WEST,12,false,46.02
2025-03-03,SKU-1006,C-WEST,14,false,47.58
2025-03-10,SKU-1006,C-WEST,11,false,46.83
2025-03-17,SKU-1006,C-WEST,16,false,47.84
2025-03-24,SKU-1006,C-WEST,19,false,46.6
2025-03-31,SKU-1006,C-WEST,16,false,47.63
2025-04-07,SKU-1006,C-WEST,17,false,45.35
2025-04-14,SKU-1006,C-WEST,19,false,47.59
2025-04-21,SKU-1006,C-WEST,18,false,46.35
2025-04-28,SKU-1006,C-WEST,21,false,46.79
2025-05-05,SKU-1006,C-WEST,26,false,46.09
2025-05-12,SKU-1006,C-WEST,28,false,47.2
2025-05-19,SKU-1006,C-WEST,26,false,46.97
2025-05-26,SKU-1006,C-WEST,23,false,45.7
2025-06-02,SKU-1006,C-WEST,23,false,45.97
2025-06-09,SKU-1006,C-WEST,18,false,47.33
2025-06-16,SKU-1006,C-WEST,25,false,46.57
2025-06-23,SKU-1006,C-WEST,29,false,47.34
2025-06-30,SKU-1006,C-WEST,31,false,46.97
2025-07-07,SKU-1006,C-WEST,29,false,46.33
2025-07-14,SKU-1006,C-WEST,28,false,45.31
2025-07-21,SKU-1006,C-WEST,22,false,45.76
2025-07-28,SKU-1006,C-WEST,24,false,46.1
2025-08-04,SKU-1006,C-WEST,23,false,47.53
2025-08-11,SKU-1006,C-WEST,25,false,46.95
2025-08-18,SKU-1006,C-WEST,25,false,45.9
2025-08-25,SKU-1006,C-WEST,21,false,45.56
2025-09-01,SKU-1006,C-WEST,18,false,46.27
2025-09-08,SKU-1006,C-WEST,19,false,47.51
2025-09-15,SKU-1006,C-WEST,40,true,38.02
2025-09-22,SKU-1006,C-WEST,39,true,39.68
2025-09-29,SKU-1006,C-WEST,20,false,46.15
2025-10-06,SKU-1006,C-WEST,21,false,46.16
2025-10-13,SKU-1006,C-WEST,10,false,47.72
2025-10-20,SKU-1006,C-WEST,11,false,47.85
2025-10-27,SKU-1006,C-WEST,11,false,47.77
2025-11-03,SKU-1006,C-WEST,11,false,47.24
2025-11-10,SKU-1006,C-WEST,12,false,45.57
2025-11-17,SKU-1006,C-WEST,10,false,45.67
2025-11-24,SKU-1006,C-WEST,8,false,46.23
2025-12-01,SKU-1006,C-WEST,9,false,47.65
2025-12-08,SKU-1006,C-WEST,8,false,45.92
2025-12-15,SKU-1006,C-WEST,8,false,47.98
2025-12-22,SKU-1006,C-WEST,8,false,47.05
2025-12-29,SKU-1006,C-WEST,7,false,47.13
2026-01-05,SKU-1006,C-WEST,8,false,46.37
2026-01-12,SKU-1006,C-WEST,9,false,46.53
2026-01-19,SKU-1006,C-WEST,11,false,45.63
2026-01-26,SKU-1006,C-WEST,9,false,46.04
2026-02-02,SKU-1006,C-WEST,8,false,47.05
2026-02-09,SKU-1006,C-WEST,9,false,46.9
2026-02-16,SKU-1006,C-WEST,14,false,45.59
2026-02-23,SKU-1006,C-WEST,13,false,47.21
2026-03-02,SKU-1006,C-WEST,13,false,45.53
2026-03-09,SKU-1006,C-WEST,16,false,45.76
2026-03-16,SKU-1006,C-WEST,19,false,45.76
2026-03-23,SKU-1006,C-WEST,21,false,45.77
2026-03-30,SKU-1006,C-WEST,24,false,47.17
2026-04-06,SKU-1006,C-WEST,19,false,46.59
2026-04-13,SKU-1006,C-WEST,21,false,45.78
2026-04-20,SKU-1006,C-WEST,19,false,45.21
2026-04-27,SKU-1006,C-WEST,15,false,47.08
2026-05-04,SKU-1006,C-WEST,28,false,47.07
2026-05-11,SKU-1006,C-WEST,30,false,45.62
2024-11-18,SKU-1007,C-EAST,9,false,46.84
2024-11-25,SKU-1007,C-EAST,11,false,44.95
2024-12-02,SKU-1007,C-EAST,11,false,44.62
2024-12-09,SKU-1007,C-EAST,10,false,44.25
2024-12-16,SKU-1007,C-EAST,9,false,45.0
2024-12-23,SKU-1007,C-EAST,11,false,46.16
2024-12-30,SKU-1007,C-EAST,12,false,44.27
2025-01-06,SKU-1007,C-EAST,11,false,46.47
2025-01-13,SKU-1007,C-EAST,14,false,45.12
2025-01-20,SKU-1007,C-EAST,10,false,45.34
2025-01-27,SKU-1007,C-EAST,11,false,44.4
2025-02-03,SKU-1007,C-EAST,9,false,46.37
2025-02-10,SKU-1007,C-EAST,13,false,46.77
2025-02-17,SKU-1007,C-EAST,17,false,44.89
2025-02-24,SKU-1007,C-EAST,14,false,46.33
2025-03-03,SKU-1007,C-EAST,21,false,45.92
2025-03-10,SKU-1007,C-EAST,18,false,46.05
2025-03-17,SKU-1007,C-EAST,18,false,44.3
2025-03-24,SKU-1007,C-EAST,21,false,45.28
2025-03-31,SKU-1007,C-EAST,54,true,38.72
2025-04-07,SKU-1007,C-EAST,30,false,44.64
2025-04-14,SKU-1007,C-EAST,22,false,45.18
2025-04-21,SKU-1007,C-EAST,26,false,46.01
2025-04-28,SKU-1007,C-EAST,26,false,46.43
2025-05-05,SKU-1007,C-EAST,29,false,46.66
2025-05-12,SKU-1007,C-EAST,27,false,44.45
2025-05-19,SKU-1007,C-EAST,39,false,44.86
2025-05-26,SKU-1007,C-EAST,33,false,45.0
2025-06-02,SKU-1007,C-EAST,27,false,46.24
2025-06-09,SKU-1007,C-EAST,26,false,45.72
2025-06-16,SKU-1007,C-EAST,21,false,45.97
2025-06-23,SKU-1007,C-EAST,28,false,45.07
2025-06-30,SKU-1007,C-EAST,29,false,44.4
2025-07-07,SKU-1007,C-EAST,34,false,45.95
2025-07-14,SKU-1007,C-EAST,29,false,45.99
2025-07-21,SKU-1007,C-EAST,28,false,45.2
2025-07-28,SKU-1007,C-EAST,31,false,46.84
2025-08-04,SKU-1007,C-EAST,25,false,44.29
2025-08-11,SKU-1007,C-EAST,29,false,46.46
2025-08-18,SKU-1007,C-EAST,27,false,46.47
2025-08-25,SKU-1007,C-EAST,28,false,45.49
2025-09-01,SKU-1007,C-EAST,22,false,44.8
2025-09-08,SKU-1007,C-EAST,23,false,44.75
2025-09-15,SKU-1007,C-EAST,21,false,45.9
2025-09-22,SKU-1007,C-EAST,22,false,45.4
2025-09-29,SKU-1007,C-EAST,20,false,46.33
2025-10-06,SKU-1007,C-EAST,14,false,45.37
2025-10-13,SKU-1007,C-EAST,16,false,44.47
2025-10-20,SKU-1007,C-EAST,12,false,44.42
2025-10-27,SKU-1007,C-EAST,16,false,45.27
2025-11-03,SKU-1007,C-EAST,17,false,44.39
2025-11-10,SKU-1007,C-EAST,15,false,45.79
2025-11-17,SKU-1007,C-EAST,11,false,45.53
2025-11-24,SKU-1007,C-EAST,9,false,44.71
2025-12-01,SKU-1007,C-EAST,9,false,45.14
2025-12-08,SKU-1007,C-EAST,9,false,44.29
2025-12-15,SKU-1007,C-EAST,10,false,45.67
2025-12-22,SKU-1007,C-EAST,12,false,45.84
2025-12-29,SKU-1007,C-EAST,8,false,46.1
2026-01-05,SKU-1007,C-EAST,10,false,44.46
2026-01-12,SKU-1007,C-EAST,9,false,45.08
2026-01-19,SKU-1007,C-EAST,15,false,46.41
2026-01-26,SKU-1007,C-EAST,15,false,45.57
2026-02-02,SKU-1007,C-EAST,14,false,46.06
2026-02-09,SKU-1007,C-EAST,16,false,44.53
2026-02-16,SKU-1007,C-EAST,18,false,46.1
2026-02-23,SKU-1007,C-EAST,17,false,45.81
2026-03-02,SKU-1007,C-EAST,18,false,44.66
2026-03-09,SKU-1007,C-EAST,22,false,45.39
2026-03-16,SKU-1007,C-EAST,18,false,46.28
2026-03-23,SKU-1007,C-EAST,21,false,45.28
2026-03-30,SKU-1007,C-EAST,20,false,46.67
2026-04-06,SKU-1007,C-EAST,23,false,46.25
2026-04-13,SKU-1007,C-EAST,21,false,45.37
2026-04-20,SKU-1007,C-EAST,23,false,44.51
2026-04-27,SKU-1007,C-EAST,20,false,45.51
2026-05-04,SKU-1007,C-EAST,26,false,46.7
2026-05-11,SKU-1007,C-EAST,28,false,46.44
2024-11-18,SKU-1007,C-WEST,5,false,46.66
2024-11-25,SKU-1007,C-WEST,7,false,44.63
2024-12-02,SKU-1007,C-WEST,6,false,44.5
2024-12-09,SKU-1007,C-WEST,6,false,45.2
2024-12-16,SKU-1007,C-WEST,7,false,45.52
2024-12-23,SKU-1007,C-WEST,6,false,45.2
2024-12-30,SKU-1007,C-WEST,10,false,46.23
2025-01-06,SKU-1007,C-WEST,7,false,44.89
2025-01-13,SKU-1007,C-WEST,9,false,45.38
2025-01-20,SKU-1007,C-WEST,6,false,44.51
2025-01-27,SKU-1007,C-WEST,6,false,46.19
2025-02-03,SKU-1007,C-WEST,9,false,44.96
2025-02-10,SKU-1007,C-WEST,9,false,46.09
2025-02-17,SKU-1007,C-WEST,8,false,46.7
2025-02-24,SKU-1007,C-WEST,12,false,45.85
2025-03-03,SKU-1007,C-WEST,13,false,44.94
2025-03-10,SKU-1007,C-WEST,12,false,46.82
2025-03-17,SKU-1007,C-WEST,17,false,45.92
2025-03-24,SKU-1007,C-WEST,14,false,46.04
2025-03-31,SKU-1007,C-WEST,37,true,37.26
2025-04-07,SKU-1007,C-WEST,15,false,45.46
2025-04-14,SKU-1007,C-WEST,18,false,45.7
2025-04-21,SKU-1007,C-WEST,19,false,46.19
2025-04-28,SKU-1007,C-WEST,18,false,46.44
2025-05-05,SKU-1007,C-WEST,19,false,46.35
2025-05-12,SKU-1007,C-WEST,25,false,45.57
2025-05-19,SKU-1007,C-WEST,22,false,45.97
2025-05-26,SKU-1007,C-WEST,21,false,44.69
2025-06-02,SKU-1007,C-WEST,20,false,44.93
2025-06-09,SKU-1007,C-WEST,18,false,44.83
2025-06-16,SKU-1007,C-WEST,21,false,44.95
2025-06-23,SKU-1007,C-WEST,16,false,46.2
2025-06-30,SKU-1007,C-WEST,26,false,44.42
2025-07-07,SKU-1007,C-WEST,21,false,46.51
2025-07-14,SKU-1007,C-WEST,23,false,46.17
2025-07-21,SKU-1007,C-WEST,17,false,45.68
2025-07-28,SKU-1007,C-WEST,22,false,46.33
2025-08-04,SKU-1007,C-WEST,24,false,44.93
2025-08-11,SKU-1007,C-WEST,17,false,45.2
2025-08-18,SKU-1007,C-WEST,11,false,46.76
2025-08-25,SKU-1007,C-WEST,17,false,45.65
2025-09-01,SKU-1007,C-WEST,16,false,44.18
2025-09-08,SKU-1007,C-WEST,15,false,46.28
2025-09-15,SKU-1007,C-WEST,19,false,46.52
2025-09-22,SKU-1007,C-WEST,17,false,46.07
2025-09-29,SKU-1007,C-WEST,11,false,45.91
2025-10-06,SKU-1007,C-WEST,19,false,45.79
2025-10-13,SKU-1007,C-WEST,9,false,46.26
2025-10-20,SKU-1007,C-WEST,10,false,44.63
2025-10-27,SKU-1007,C-WEST,9,false,46.01
2025-11-03,SKU-1007,C-WEST,8,false,45.55
2025-11-10,SKU-1007,C-WEST,9,false,45.17
2025-11-17,SKU-1007,C-WEST,7,false,44.5
2025-11-24,SKU-1007,C-WEST,7,false,45.74
2025-12-01,SKU-1007,C-WEST,8,false,46.08
2025-12-08,SKU-1007,C-WEST,9,false,44.57
2025-12-15,SKU-1007,C-WEST,7,false,44.28
2025-12-22,SKU-1007,C-WEST,7,false,46.69
2025-12-29,SKU-1007,C-WEST,6,false,45.48
2026-01-05,SKU-1007,C-WEST,6,false,45.71
2026-01-12,SKU-1007,C-WEST,6,false,45.01
2026-01-19,SKU-1007,C-WEST,9,false,44.75
2026-01-26,SKU-1007,C-WEST,8,false,45.52
2026-02-02,SKU-1007,C-WEST,10,false,45.28
2026-02-09,SKU-1007,C-WEST,11,false,44.75
2026-02-16,SKU-1007,C-WEST,11,false,44.73
2026-02-23,SKU-1007,C-WEST,11,false,44.74
2026-03-02,SKU-1007,C-WEST,19,false,46.2
2026-03-09,SKU-1007,C-WEST,7,false,46.39
2026-03-16,SKU-1007,C-WEST,12,false,46.82
2026-03-23,SKU-1007,C-WEST,16,false,45.36
2026-03-30,SKU-1007,C-WEST,16,false,46.61
2026-04-06,SKU-1007,C-WEST,14,false,46.76
2026-04-13,SKU-1007,C-WEST,15,false,46.01
2026-04-20,SKU-1007,C-WEST,17,false,46.73
2026-04-27,SKU-1007,C-WEST,23,false,45.2
2026-05-04,SKU-1007,C-WEST,18,false,46.63
2026-05-11,SKU-1007,C-WEST,20,false,46.39
2024-11-18,SKU-1008,C-EAST,17,false,65.87
2024-11-25,SKU-1008,C-EAST,14,false,67.59
2024-12-02,SKU-1008,C-EAST,16,false,65.97
2024-12-09,SKU-1008,C-EAST,15,false,63.87
2024-12-16,SKU-1008,C-EAST,13,false,66.9
2024-12-23,SKU-1008,C-EAST,12,false,67.26
2024-12-30,SKU-1008,C-EAST,12,false,65.97
2025-01-06,SKU-1008,C-EAST,13,false,66.62
2025-01-13,SKU-1008,C-EAST,21,false,66.4
2025-01-20,SKU-1008,C-EAST,14,false,67.56
2025-01-27,SKU-1008,C-EAST,16,false,65.66
2025-02-03,SKU-1008,C-EAST,12,false,65.16
2025-02-10,SKU-1008,C-EAST,16,false,66.98
2025-02-17,SKU-1008,C-EAST,19,false,66.05
2025-02-24,SKU-1008,C-EAST,20,false,64.87
2025-03-03,SKU-1008,C-EAST,22,false,65.38
2025-03-10,SKU-1008,C-EAST,20,false,63.91
2025-03-17,SKU-1008,C-EAST,22,false,66.5
2025-03-24,SKU-1008,C-EAST,22,false,66.29
2025-03-31,SKU-1008,C-EAST,28,false,66.83
2025-04-07,SKU-1008,C-EAST,30,false,64.13
2025-04-14,SKU-1008,C-EAST,31,false,67.51
2025-04-21,SKU-1008,C-EAST,38,false,65.04
2025-04-28,SKU-1008,C-EAST,36,false,64.19
2025-05-05,SKU-1008,C-EAST,34,false,65.41
2025-05-12,SKU-1008,C-EAST,31,false,66.45
2025-05-19,SKU-1008,C-EAST,44,false,64.38
2025-05-26,SKU-1008,C-EAST,41,false,65.39
2025-06-02,SKU-1008,C-EAST,37,false,67.64
2025-06-09,SKU-1008,C-EAST,34,false,64.41
2025-06-16,SKU-1008,C-EAST,34,false,66.99
2025-06-23,SKU-1008,C-EAST,32,false,66.73
2025-06-30,SKU-1008,C-EAST,37,false,66.03
2025-07-07,SKU-1008,C-EAST,51,false,66.04
2025-07-14,SKU-1008,C-EAST,37,false,66.2
2025-07-21,SKU-1008,C-EAST,32,false,65.97
2025-07-28,SKU-1008,C-EAST,39,false,66.8
2025-08-04,SKU-1008,C-EAST,35,false,67.41
2025-08-11,SKU-1008,C-EAST,36,false,66.4
2025-08-18,SKU-1008,C-EAST,39,false,65.87
2025-08-25,SKU-1008,C-EAST,35,false,67.14
2025-09-01,SKU-1008,C-EAST,30,false,64.61
2025-09-08,SKU-1008,C-EAST,30,false,67.21
2025-09-15,SKU-1008,C-EAST,31,false,67.21
2025-09-22,SKU-1008,C-EAST,39,false,65.67
2025-09-29,SKU-1008,C-EAST,21,false,66.02
2025-10-06,SKU-1008,C-EAST,23,false,64.23
2025-10-13,SKU-1008,C-EAST,20,false,66.71
2025-10-20,SKU-1008,C-EAST,17,false,64.35
2025-10-27,SKU-1008,C-EAST,20,false,66.43
2025-11-03,SKU-1008,C-EAST,24,false,67.4
2025-11-10,SKU-1008,C-EAST,20,false,65.1
2025-11-17,SKU-1008,C-EAST,13,false,65.05
2025-11-24,SKU-1008,C-EAST,13,false,66.15
2025-12-01,SKU-1008,C-EAST,12,false,65.09
2025-12-08,SKU-1008,C-EAST,15,false,65.54
2025-12-15,SKU-1008,C-EAST,13,false,64.72
2025-12-22,SKU-1008,C-EAST,14,false,66.77
2025-12-29,SKU-1008,C-EAST,10,false,64.38
2026-01-05,SKU-1008,C-EAST,13,false,66.74
2026-01-12,SKU-1008,C-EAST,13,false,65.26
2026-01-19,SKU-1008,C-EAST,19,false,65.05
2026-01-26,SKU-1008,C-EAST,16,false,66.24
2026-02-02,SKU-1008,C-EAST,17,false,67.17
2026-02-09,SKU-1008,C-EAST,19,false,65.97
2026-02-16,SKU-1008,C-EAST,21,false,64.88
2026-02-23,SKU-1008,C-EAST,22,false,64.14
2026-03-02,SKU-1008,C-EAST,23,false,63.92
2026-03-09,SKU-1008,C-EAST,24,false,66.14
2026-03-16,SKU-1008,C-EAST,24,false,65.45
2026-03-23,SKU-1008,C-EAST,22,false,66.02
2026-03-30,SKU-1008,C-EAST,24,false,65.99
2026-04-06,SKU-1008,C-EAST,30,false,66.91
2026-04-13,SKU-1008,C-EAST,31,false,65.29
2026-04-20,SKU-1008,C-EAST,36,false,66.74
2026-04-27,SKU-1008,C-EAST,39,false,64.99
2026-05-04,SKU-1008,C-EAST,30,false,65.41
2026-05-11,SKU-1008,C-EAST,36,false,65.83
2024-11-18,SKU-1008,C-WEST,9,false,67.03
2024-11-25,SKU-1008,C-WEST,8,false,66.27
2024-12-02,SKU-1008,C-WEST,10,false,65.61
2024-12-09,SKU-1008,C-WEST,10,false,64.55
2024-12-16,SKU-1008,C-WEST,12,false,67.67
2024-12-23,SKU-1008,C-WEST,8,false,66.75
2024-12-30,SKU-1008,C-WEST,9,false,64.71
2025-01-06,SKU-1008,C-WEST,9,false,65.77
2025-01-13,SKU-1008,C-WEST,10,false,64.01
2025-01-20,SKU-1008,C-WEST,9,false,64.66
2025-01-27,SKU-1008,C-WEST,10,false,65.7
2025-02-03,SKU-1008,C-WEST,10,false,65.64
2025-02-10,SKU-1008,C-WEST,16,false,65.13
2025-02-17,SKU-1008,C-WEST,15,false,66.62
2025-02-24,SKU-1008,C-WEST,13,false,67.14
2025-03-03,SKU-1008,C-WEST,17,false,64.89
2025-03-10,SKU-1008,C-WEST,16,false,66.43
2025-03-17,SKU-1008,C-WEST,18,false,65.29
2025-03-24,SKU-1008,C-WEST,14,false,65.89
2025-03-31,SKU-1008,C-WEST,14,false,65.33
2025-04-07,SKU-1008,C-WEST,20,false,65.24
2025-04-14,SKU-1008,C-WEST,20,false,67.27
2025-04-21,SKU-1008,C-WEST,22,false,66.23
2025-04-28,SKU-1008,C-WEST,26,false,65.83
2025-05-05,SKU-1008,C-WEST,26,false,64.15
2025-05-12,SKU-1008,C-WEST,27,false,66.39
2025-05-19,SKU-1008,C-WEST,26,false,65.28
2025-05-26,SKU-1008,C-WEST,27,false,66.68
2025-06-02,SKU-1008,C-WEST,26,false,67.05
2025-06-09,SKU-1008,C-WEST,26,false,66.69
2025-06-16,SKU-1008,C-WEST,22,false,64.68
2025-06-23,SKU-1008,C-WEST,25,false,64.48
2025-06-30,SKU-1008,C-WEST,27,false,64.02
2025-07-07,SKU-1008,C-WEST,25,false,66.11
2025-07-14,SKU-1008,C-WEST,32,false,64.0
2025-07-21,SKU-1008,C-WEST,32,false,66.11
2025-07-28,SKU-1008,C-WEST,29,false,64.56
2025-08-04,SKU-1008,C-WEST,26,false,67.63
2025-08-11,SKU-1008,C-WEST,22,false,63.92
2025-08-18,SKU-1008,C-WEST,17,false,66.69
2025-08-25,SKU-1008,C-WEST,19,false,64.18
2025-09-01,SKU-1008,C-WEST,20,false,65.62
2025-09-08,SKU-1008,C-WEST,22,false,64.52
2025-09-15,SKU-1008,C-WEST,20,false,67.12
2025-09-22,SKU-1008,C-WEST,16,false,67.09
2025-09-29,SKU-1008,C-WEST,16,false,64.56
2025-10-06,SKU-1008,C-WEST,22,false,66.71
2025-10-13,SKU-1008,C-WEST,13,false,65.2
2025-10-20,SKU-1008,C-WEST,10,false,64.75
2025-10-27,SKU-1008,C-WEST,11,false,65.37
2025-11-03,SKU-1008,C-WEST,11,false,67.24
2025-11-10,SKU-1008,C-WEST,11,false,65.84
2025-11-17,SKU-1008,C-WEST,10,false,64.23
2025-11-24,SKU-1008,C-WEST,9,false,65.72
2025-12-01,SKU-1008,C-WEST,10,false,66.94
2025-12-08,SKU-1008,C-WEST,10,false,65.83
2025-12-15,SKU-1008,C-WEST,9,false,64.36
2025-12-22,SKU-1008,C-WEST,9,false,66.23
2025-12-29,SKU-1008,C-WEST,9,false,66.91
2026-01-05,SKU-1008,C-WEST,6,false,66.41
2026-01-12,SKU-1008,C-WEST,8,false,64.02
2026-01-19,SKU-1008,C-WEST,10,false,65.94
2026-01-26,SKU-1008,C-WEST,10,false,66.96
2026-02-02,SKU-1008,C-WEST,14,false,65.35
2026-02-09,SKU-1008,C-WEST,12,false,66.85
2026-02-16,SKU-1008,C-WEST,13,false,66.6
2026-02-23,SKU-1008,C-WEST,15,false,65.73
2026-03-02,SKU-1008,C-WEST,22,false,64.76
2026-03-09,SKU-1008,C-WEST,16,false,67.31
2026-03-16,SKU-1008,C-WEST,16,false,65.46
2026-03-23,SKU-1008,C-WEST,18,false,66.96
2026-03-30,SKU-1008,C-WEST,23,false,66.13
2026-04-06,SKU-1008,C-WEST,20,false,66.43
2026-04-13,SKU-1008,C-WEST,22,false,66.56
2026-04-20,SKU-1008,C-WEST,23,false,64.46
2026-04-27,SKU-1008,C-WEST,26,false,66.42
2026-05-04,SKU-1008,C-WEST,24,false,65.52
2026-05-11,SKU-1008,C-WEST,30,false,65.29
2024-11-18,SKU-1009,C-EAST,26,false,13.65
2024-11-25,SKU-1009,C-EAST,20,false,13.81
2024-12-02,SKU-1009,C-EAST,23,false,13.63
2024-12-09,SKU-1009,C-EAST,24,false,13.93
2024-12-16,SKU-1009,C-EAST,19,false,13.89
2024-12-23,SKU-1009,C-EAST,12,false,13.96
2024-12-30,SKU-1009,C-EAST,10,false,13.48
2025-01-06,SKU-1009,C-EAST,16,false,13.52
2025-01-13,SKU-1009,C-EAST,17,false,13.8
2025-01-20,SKU-1009,C-EAST,19,false,13.92
2025-01-27,SKU-1009,C-EAST,24,false,14.14
2025-02-03,SKU-1009,C-EAST,26,false,13.35
2025-02-10,SKU-1009,C-EAST,24,false,14.11
2025-02-17,SKU-1009,C-EAST,18,false,13.71
2025-02-24,SKU-1009,C-EAST,21,false,13.41
2025-03-03,SKU-1009,C-EAST,20,false,13.38
2025-03-10,SKU-1009,C-EAST,18,false,13.85
2025-03-17,SKU-1009,C-EAST,32,false,13.78
2025-03-24,SKU-1009,C-EAST,28,false,14.13
2025-03-31,SKU-1009,C-EAST,27,false,14.02
2025-04-07,SKU-1009,C-EAST,28,false,13.51
2025-04-14,SKU-1009,C-EAST,27,false,13.89
2025-04-21,SKU-1009,C-EAST,26,false,13.37
2025-04-28,SKU-1009,C-EAST,26,false,13.84
2025-05-05,SKU-1009,C-EAST,32,false,13.49
2025-05-12,SKU-1009,C-EAST,40,false,13.38
2025-05-19,SKU-1009,C-EAST,48,false,13.48
2025-05-26,SKU-1009,C-EAST,39,false,14.17
2025-06-02,SKU-1009,C-EAST,45,false,13.67
2025-06-09,SKU-1009,C-EAST,35,false,13.83
2025-06-16,SKU-1009,C-EAST,30,false,13.4
2025-06-23,SKU-1009,C-EAST,35,false,13.42
2025-06-30,SKU-1009,C-EAST,37,false,14.1
2025-07-07,SKU-1009,C-EAST,61,false,13.63
2025-07-14,SKU-1009,C-EAST,61,false,13.85
2025-07-21,SKU-1009,C-EAST,43,false,13.51
2025-07-28,SKU-1009,C-EAST,52,false,13.56
2025-08-04,SKU-1009,C-EAST,34,false,13.68
2025-08-11,SKU-1009,C-EAST,37,false,13.59
2025-08-18,SKU-1009,C-EAST,37,false,14.13
2025-08-25,SKU-1009,C-EAST,47,false,14.07
2025-09-01,SKU-1009,C-EAST,27,false,14.02
2025-09-08,SKU-1009,C-EAST,34,false,14.14
2025-09-15,SKU-1009,C-EAST,39,false,13.81
2025-09-22,SKU-1009,C-EAST,34,false,14.14
2025-09-29,SKU-1009,C-EAST,23,false,13.73
2025-10-06,SKU-1009,C-EAST,23,false,13.37
2025-10-13,SKU-1009,C-EAST,31,false,13.44
2025-10-20,SKU-1009,C-EAST,34,false,14.17
2025-10-27,SKU-1009,C-EAST,27,false,13.91
2025-11-03,SKU-1009,C-EAST,27,false,14.14
2025-11-10,SKU-1009,C-EAST,24,false,13.77
2025-11-17,SKU-1009,C-EAST,23,false,13.55
2025-11-24,SKU-1009,C-EAST,19,false,13.42
2025-12-01,SKU-1009,C-EAST,16,false,13.41
2025-12-08,SKU-1009,C-EAST,14,false,14.12
2025-12-15,SKU-1009,C-EAST,14,false,14.09
2025-12-22,SKU-1009,C-EAST,19,false,13.57
2025-12-29,SKU-1009,C-EAST,23,false,14.1
2026-01-05,SKU-1009,C-EAST,15,false,13.76
2026-01-12,SKU-1009,C-EAST,16,false,14.07
2026-01-19,SKU-1009,C-EAST,18,false,13.52
2026-01-26,SKU-1009,C-EAST,17,false,13.86
2026-02-02,SKU-1009,C-EAST,21,false,13.48
2026-02-09,SKU-1009,C-EAST,24,false,13.91
2026-02-16,SKU-1009,C-EAST,24,false,13.89
2026-02-23,SKU-1009,C-EAST,19,false,13.79
2026-03-02,SKU-1009,C-EAST,23,false,13.38
2026-03-09,SKU-1009,C-EAST,18,false,13.75
2026-03-16,SKU-1009,C-EAST,24,false,14.16
2026-03-23,SKU-1009,C-EAST,28,false,13.75
2026-03-30,SKU-1009,C-EAST,19,false,14.16
2026-04-06,SKU-1009,C-EAST,31,false,13.53
2026-04-13,SKU-1009,C-EAST,29,false,13.82
2026-04-20,SKU-1009,C-EAST,66,false,13.74
2026-04-27,SKU-1009,C-EAST,39,false,13.79
2026-05-04,SKU-1009,C-EAST,33,false,13.91
2026-05-11,SKU-1009,C-EAST,34,false,13.49
2024-11-18,SKU-1009,C-WEST,15,false,13.73
2024-11-25,SKU-1009,C-WEST,12,false,13.92
2024-12-02,SKU-1009,C-WEST,13,false,13.83
2024-12-09,SKU-1009,C-WEST,11,false,13.62
2024-12-16,SKU-1009,C-WEST,10,false,13.8
2024-12-23,SKU-1009,C-WEST,10,false,13.54
2024-12-30,SKU-1009,C-WEST,10,false,13.65
2025-01-06,SKU-1009,C-WEST,12,false,13.76
2025-01-13,SKU-1009,C-WEST,12,false,13.65
2025-01-20,SKU-1009,C-WEST,14,false,14.05
2025-01-27,SKU-1009,C-WEST,11,false,13.46
2025-02-03,SKU-1009,C-WEST,12,false,13.82
2025-02-10,SKU-1009,C-WEST,10,false,13.57
2025-02-17,SKU-1009,C-WEST,12,false,13.54
2025-02-24,SKU-1009,C-WEST,13,false,13.47
2025-03-03,SKU-1009,C-WEST,15,false,14.14
2025-03-10,SKU-1009,C-WEST,16,false,13.49
2025-03-17,SKU-1009,C-WEST,18,false,13.76
2025-03-24,SKU-1009,C-WEST,20,false,13.77
2025-03-31,SKU-1009,C-WEST,17,false,13.94
2025-04-07,SKU-1009,C-WEST,16,false,13.81
2025-04-14,SKU-1009,C-WEST,17,false,13.82
2025-04-21,SKU-1009,C-WEST,16,false,13.4
2025-04-28,SKU-1009,C-WEST,20,false,14.02
2025-05-05,SKU-1009,C-WEST,17,false,13.72
2025-05-12,SKU-1009,C-WEST,24,false,13.62
2025-05-19,SKU-1009,C-WEST,26,false,14.12
2025-05-26,SKU-1009,C-WEST,29,false,13.56
2025-06-02,SKU-1009,C-WEST,28,false,14.06
2025-06-09,SKU-1009,C-WEST,24,false,14.14
2025-06-16,SKU-1009,C-WEST,21,false,13.88
2025-06-23,SKU-1009,C-WEST,27,false,13.49
2025-06-30,SKU-1009,C-WEST,26,false,13.9
2025-07-07,SKU-1009,C-WEST,25,false,13.75
2025-07-14,SKU-1009,C-WEST,27,false,13.66
2025-07-21,SKU-1009,C-WEST,20,false,13.58
2025-07-28,SKU-1009,C-WEST,23,false,13.49
2025-08-04,SKU-1009,C-WEST,25,false,14.01
2025-08-11,SKU-1009,C-WEST,22,false,13.82
2025-08-18,SKU-1009,C-WEST,29,false,14.05
2025-08-25,SKU-1009,C-WEST,25,false,13.54
2025-09-01,SKU-1009,C-WEST,24,false,13.61
2025-09-08,SKU-1009,C-WEST,21,false,13.88
2025-09-15,SKU-1009,C-WEST,24,false,13.57
2025-09-22,SKU-1009,C-WEST,17,false,13.65
2025-09-29,SKU-1009,C-WEST,24,false,13.83
2025-10-06,SKU-1009,C-WEST,23,false,13.5
2025-10-13,SKU-1009,C-WEST,19,false,13.37
2025-10-20,SKU-1009,C-WEST,16,false,14.12
2025-10-27,SKU-1009,C-WEST,12,false,13.93
2025-11-03,SKU-1009,C-WEST,14,false,13.43
2025-11-10,SKU-1009,C-WEST,16,false,13.4
2025-11-17,SKU-1009,C-WEST,16,false,13.37
2025-11-24,SKU-1009,C-WEST,12,false,13.67
2025-12-01,SKU-1009,C-WEST,12,false,13.56
2025-12-08,SKU-1009,C-WEST,12,false,13.48
2025-12-15,SKU-1009,C-WEST,10,false,13.6
2025-12-22,SKU-1009,C-WEST,9,false,13.55
2025-12-29,SKU-1009,C-WEST,10,false,13.46
2026-01-05,SKU-1009,C-WEST,11,false,14.04
2026-01-12,SKU-1009,C-WEST,12,false,14.06
2026-01-19,SKU-1009,C-WEST,13,false,13.62
2026-01-26,SKU-1009,C-WEST,8,false,13.79
2026-02-02,SKU-1009,C-WEST,13,false,13.57
2026-02-09,SKU-1009,C-WEST,8,false,13.92
2026-02-16,SKU-1009,C-WEST,12,false,13.49
2026-02-23,SKU-1009,C-WEST,14,false,13.87
2026-03-02,SKU-1009,C-WEST,13,false,13.81
2026-03-09,SKU-1009,C-WEST,12,false,13.6
2026-03-16,SKU-1009,C-WEST,16,false,13.63
2026-03-23,SKU-1009,C-WEST,15,false,13.71
2026-03-30,SKU-1009,C-WEST,20,false,13.65
2026-04-06,SKU-1009,C-WEST,21,false,13.35
2026-04-13,SKU-1009,C-WEST,21,false,14.02
2026-04-20,SKU-1009,C-WEST,22,false,13.73
2026-04-27,SKU-1009,C-WEST,17,false,13.35
2026-05-04,SKU-1009,C-WEST,22,false,13.74
2026-05-11,SKU-1009,C-WEST,21,false,13.35
2024-11-18,SKU-1010,C-EAST,32,false,47.51
2024-11-25,SKU-1010,C-EAST,34,false,47.04
2024-12-02,SKU-1010,C-EAST,32,false,47.03
2024-12-09,SKU-1010,C-EAST,32,false,46.99
2024-12-16,SKU-1010,C-EAST,25,false,46.6
2024-12-23,SKU-1010,C-EAST,34,false,48.09
2024-12-30,SKU-1010,C-EAST,31,false,47.86
2025-01-06,SKU-1010,C-EAST,26,false,46.73
2025-01-13,SKU-1010,C-EAST,24,false,47.09
2025-01-20,SKU-1010,C-EAST,23,false,48.34
2025-01-27,SKU-1010,C-EAST,26,false,47.73
2025-02-03,SKU-1010,C-EAST,26,false,47.67
2025-02-10,SKU-1010,C-EAST,29,false,46.45
2025-02-17,SKU-1010,C-EAST,30,false,45.97
2025-02-24,SKU-1010,C-EAST,45,false,46.45
2025-03-03,SKU-1010,C-EAST,44,false,46.21
2025-03-10,SKU-1010,C-EAST,47,false,47.99
2025-03-17,SKU-1010,C-EAST,47,false,46.58
2025-03-24,SKU-1010,C-EAST,47,false,46.89
2025-03-31,SKU-1010,C-EAST,47,false,46.8
2025-04-07,SKU-1010,C-EAST,48,false,47.24
2025-04-14,SKU-1010,C-EAST,35,false,48.17
2025-04-21,SKU-1010,C-EAST,47,false,48.62
2025-04-28,SKU-1010,C-EAST,63,false,46.08
2025-05-05,SKU-1010,C-EAST,61,false,47.26
2025-05-12,SKU-1010,C-EAST,64,false,46.47
2025-05-19,SKU-1010,C-EAST,71,false,48.27
2025-05-26,SKU-1010,C-EAST,67,false,46.27
2025-06-02,SKU-1010,C-EAST,67,false,48.11
2025-06-09,SKU-1010,C-EAST,65,false,47.18
2025-06-16,SKU-1010,C-EAST,75,false,47.23
2025-06-23,SKU-1010,C-EAST,79,false,48.11
2025-06-30,SKU-1010,C-EAST,61,false,47.26
2025-07-07,SKU-1010,C-EAST,77,false,47.86
2025-07-14,SKU-1010,C-EAST,95,false,47.71
2025-07-21,SKU-1010,C-EAST,96,false,46.04
2025-07-28,SKU-1010,C-EAST,93,false,46.64
2025-08-04,SKU-1010,C-EAST,68,false,47.73
2025-08-11,SKU-1010,C-EAST,82,false,48.37
2025-08-18,SKU-1010,C-EAST,75,false,46.54
2025-08-25,SKU-1010,C-EAST,66,false,46.84
2025-09-01,SKU-1010,C-EAST,63,false,46.4
2025-09-08,SKU-1010,C-EAST,59,false,48.16
2025-09-15,SKU-1010,C-EAST,59,false,45.95
2025-09-22,SKU-1010,C-EAST,61,false,47.27
2025-09-29,SKU-1010,C-EAST,61,false,47.61
2025-10-06,SKU-1010,C-EAST,55,false,46.37
2025-10-13,SKU-1010,C-EAST,50,false,46.18
2025-10-20,SKU-1010,C-EAST,47,false,48.75
2025-10-27,SKU-1010,C-EAST,32,false,47.7
2025-11-03,SKU-1010,C-EAST,52,false,47.91
2025-11-10,SKU-1010,C-EAST,34,false,48.17
2025-11-17,SKU-1010,C-EAST,37,false,48.71
2025-11-24,SKU-1010,C-EAST,40,false,48.16
2025-12-01,SKU-1010,C-EAST,43,false,47.17
2025-12-08,SKU-1010,C-EAST,28,false,46.47
2025-12-15,SKU-1010,C-EAST,24,false,46.3
2025-12-22,SKU-1010,C-EAST,29,false,48.47
2025-12-29,SKU-1010,C-EAST,21,false,46.76
2026-01-05,SKU-1010,C-EAST,26,false,47.9
2026-01-12,SKU-1010,C-EAST,24,false,46.91
2026-01-19,SKU-1010,C-EAST,26,false,48.0
2026-01-26,SKU-1010,C-EAST,23,false,48.52
2026-02-02,SKU-1010,C-EAST,47,false,47.49
2026-02-09,SKU-1010,C-EAST,45,false,46.76
2026-02-16,SKU-1010,C-EAST,39,false,46.67
2026-02-23,SKU-1010,C-EAST,41,false,47.73
2026-03-02,SKU-1010,C-EAST,39,false,47.0
2026-03-09,SKU-1010,C-EAST,43,false,48.35
2026-03-16,SKU-1010,C-EAST,37,false,48.12
2026-03-23,SKU-1010,C-EAST,40,false,47.79
2026-03-30,SKU-1010,C-EAST,57,false,47.45
2026-04-06,SKU-1010,C-EAST,40,false,47.33
2026-04-13,SKU-1010,C-EAST,58,false,47.49
2026-04-20,SKU-1010,C-EAST,51,false,47.74
2026-04-27,SKU-1010,C-EAST,62,false,46.23
2026-05-04,SKU-1010,C-EAST,72,false,48.29
2026-05-11,SKU-1010,C-EAST,71,false,46.29
2024-11-18,SKU-1010,C-WEST,17,false,47.3
2024-11-25,SKU-1010,C-WEST,14,false,46.2
2024-12-02,SKU-1010,C-WEST,12,false,47.79
2024-12-09,SKU-1010,C-WEST,13,false,47.41
2024-12-16,SKU-1010,C-WEST,12,false,46.96
2024-12-23,SKU-1010,C-WEST,10,false,47.64
2024-12-30,SKU-1010,C-WEST,12,false,46.51
2025-01-06,SKU-1010,C-WEST,11,false,47.32
2025-01-13,SKU-1010,C-WEST,11,false,48.2
2025-01-20,SKU-1010,C-WEST,10,false,46.09
2025-01-27,SKU-1010,C-WEST,10,false,47.1
2025-02-03,SKU-1010,C-WEST,12,false,46.97
2025-02-10,SKU-1010,C-WEST,12,false,46.67
2025-02-17,SKU-1010,C-WEST,11,false,46.04
2025-02-24,SKU-1010,C-WEST,13,false,48.6
2025-03-03,SKU-1010,C-WEST,13,false,48.65
2025-03-10,SKU-1010,C-WEST,16,false,47.43
2025-03-17,SKU-1010,C-WEST,17,false,46.46
2025-03-24,SKU-1010,C-WEST,17,false,47.7
2025-03-31,SKU-1010,C-WEST,21,false,46.43
2025-04-07,SKU-1010,C-WEST,20,false,46.22
2025-04-14,SKU-1010,C-WEST,16,false,47.73
2025-04-21,SKU-1010,C-WEST,19,false,47.81
2025-04-28,SKU-1010,C-WEST,23,false,48.43
2025-05-05,SKU-1010,C-WEST,24,false,47.06
2025-05-12,SKU-1010,C-WEST,25,false,46.88
2025-05-19,SKU-1010,C-WEST,37,false,47.18
2025-05-26,SKU-1010,C-WEST,36,false,46.92
2025-06-02,SKU-1010,C-WEST,27,false,46.84
2025-06-09,SKU-1010,C-WEST,36,false,46.98
2025-06-16,SKU-1010,C-WEST,27,false,47.98
2025-06-23,SKU-1010,C-WEST,25,false,47.65
2025-06-30,SKU-1010,C-WEST,35,false,48.09
2025-07-07,SKU-1010,C-WEST,29,false,48.55
2025-07-14,SKU-1010,C-WEST,32,false,47.19
2025-07-21,SKU-1010,C-WEST,49,false,47.05
2025-07-28,SKU-1010,C-WEST,29,false,47.61
2025-08-04,SKU-1010,C-WEST,28,false,47.39
2025-08-11,SKU-1010,C-WEST,30,false,46.77
2025-08-18,SKU-1010,C-WEST,26,false,46.55
2025-08-25,SKU-1010,C-WEST,24,false,48.25
2025-09-01,SKU-1010,C-WEST,27,false,47.88
2025-09-08,SKU-1010,C-WEST,34,false,47.5
2025-09-15,SKU-1010,C-WEST,29,false,48.55
2025-09-22,SKU-1010,C-WEST,23,false,46.93
2025-09-29,SKU-1010,C-WEST,24,false,46.31
2025-10-06,SKU-1010,C-WEST,19,false,46.58
2025-10-13,SKU-1010,C-WEST,17,false,48.22
2025-10-20,SKU-1010,C-WEST,19,false,48.53
2025-10-27,SKU-1010,C-WEST,17,false,48.01
2025-11-03,SKU-1010,C-WEST,16,false,46.41
2025-11-10,SKU-1010,C-WEST,13,false,48.27
2025-11-17,SKU-1010,C-WEST,14,false,48.5
2025-11-24,SKU-1010,C-WEST,11,false,47.61
2025-12-01,SKU-1010,C-WEST,12,false,47.56
2025-12-08,SKU-1010,C-WEST,13,false,46.14
2025-12-15,SKU-1010,C-WEST,12,false,46.91
2025-12-22,SKU-1010,C-WEST,12,false,48.24
2025-12-29,SKU-1010,C-WEST,10,false,48.39
2026-01-05,SKU-1010,C-WEST,12,false,46.56
2026-01-12,SKU-1010,C-WEST,11,false,45.95
2026-01-19,SKU-1010,C-WEST,10,false,48.13
2026-01-26,SKU-1010,C-WEST,10,false,46.04
2026-02-02,SKU-1010,C-WEST,12,false,47.45
2026-02-09,SKU-1010,C-WEST,13,false,46.55
2026-02-16,SKU-1010,C-WEST,14,false,46.06
2026-02-23,SKU-1010,C-WEST,13,false,47.19
2026-03-02,SKU-1010,C-WEST,13,false,47.61
2026-03-09,SKU-1010,C-WEST,15,false,46.74
2026-03-16,SKU-1010,C-WEST,16,false,47.04
2026-03-23,SKU-1010,C-WEST,16,false,47.54
2026-03-30,SKU-1010,C-WEST,19,false,46.06
2026-04-06,SKU-1010,C-WEST,18,false,47.35
2026-04-13,SKU-1010,C-WEST,22,false,48.12
2026-04-20,SKU-1010,C-WEST,25,false,47.51
2026-04-27,SKU-1010,C-WEST,26,false,47.31
2026-05-04,SKU-1010,C-WEST,23,false,47.67
2026-05-11,SKU-1010,C-WEST,25,false,48.01
2024-11-18,SKU-1011,C-EAST,20,false,51.3
2024-11-25,SKU-1011,C-EAST,18,false,50.55
2024-12-02,SKU-1011,C-EAST,16,false,51.07
2024-12-09,SKU-1011,C-EAST,18,false,49.33
2024-12-16,SKU-1011,C-EAST,14,false,51.13
2024-12-23,SKU-1011,C-EAST,24,false,52.27
2024-12-30,SKU-1011,C-EAST,16,false,49.39
2025-01-06,SKU-1011,C-EAST,18,false,51.75
2025-01-13,SKU-1011,C-EAST,14,false,51.57
2025-01-20,SKU-1011,C-EAST,15,false,51.85
2025-01-27,SKU-1011,C-EAST,15,false,52.15
2025-02-03,SKU-1011,C-EAST,20,false,52.08
2025-02-10,SKU-1011,C-EAST,21,false,49.3
2025-02-17,SKU-1011,C-EAST,17,false,51.37
2025-02-24,SKU-1011,C-EAST,26,false,49.33
2025-03-03,SKU-1011,C-EAST,26,false,49.89
2025-03-10,SKU-1011,C-EAST,20,false,50.85
2025-03-17,SKU-1011,C-EAST,25,false,50.04
2025-03-24,SKU-1011,C-EAST,24,false,49.69
2025-03-31,SKU-1011,C-EAST,30,false,51.39
2025-04-07,SKU-1011,C-EAST,28,false,51.28
2025-04-14,SKU-1011,C-EAST,27,false,49.39
2025-04-21,SKU-1011,C-EAST,34,false,51.66
2025-04-28,SKU-1011,C-EAST,46,false,51.14
2025-05-05,SKU-1011,C-EAST,50,false,49.28
2025-05-12,SKU-1011,C-EAST,44,false,50.44
2025-05-19,SKU-1011,C-EAST,35,false,51.27
2025-05-26,SKU-1011,C-EAST,46,false,51.89
2025-06-02,SKU-1011,C-EAST,56,false,51.24
2025-06-09,SKU-1011,C-EAST,41,false,49.96
2025-06-16,SKU-1011,C-EAST,38,false,49.56
2025-06-23,SKU-1011,C-EAST,57,false,50.22
2025-06-30,SKU-1011,C-EAST,44,false,49.82
2025-07-07,SKU-1011,C-EAST,37,false,50.78
2025-07-14,SKU-1011,C-EAST,33,false,49.32
2025-07-21,SKU-1011,C-EAST,49,false,50.01
2025-07-28,SKU-1011,C-EAST,46,false,50.46
2025-08-04,SKU-1011,C-EAST,44,false,49.73
2025-08-11,SKU-1011,C-EAST,37,false,51.16
2025-08-18,SKU-1011,C-EAST,42,false,49.98
2025-08-25,SKU-1011,C-EAST,44,false,51.73
2025-09-01,SKU-1011,C-EAST,44,false,51.16
2025-09-08,SKU-1011,C-EAST,45,false,51.74
2025-09-15,SKU-1011,C-EAST,31,false,49.35
2025-09-22,SKU-1011,C-EAST,29,false,49.72
2025-09-29,SKU-1011,C-EAST,28,false,51.99
2025-10-06,SKU-1011,C-EAST,31,false,50.42
2025-10-13,SKU-1011,C-EAST,30,false,52.18
2025-10-20,SKU-1011,C-EAST,26,false,49.95
2025-10-27,SKU-1011,C-EAST,24,false,49.99
2025-11-03,SKU-1011,C-EAST,26,false,52.03
2025-11-10,SKU-1011,C-EAST,28,false,50.26
2025-11-17,SKU-1011,C-EAST,22,false,49.68
2025-11-24,SKU-1011,C-EAST,20,false,50.91
2025-12-01,SKU-1011,C-EAST,21,false,50.2
2025-12-08,SKU-1011,C-EAST,13,false,51.41
2025-12-15,SKU-1011,C-EAST,14,false,52.29
2025-12-22,SKU-1011,C-EAST,14,false,52.23
2025-12-29,SKU-1011,C-EAST,18,false,52.05
2026-01-05,SKU-1011,C-EAST,24,false,50.22
2026-01-12,SKU-1011,C-EAST,13,false,49.62
2026-01-19,SKU-1011,C-EAST,13,false,50.22
2026-01-26,SKU-1011,C-EAST,17,false,51.59
2026-02-02,SKU-1011,C-EAST,14,false,51.94
2026-02-09,SKU-1011,C-EAST,16,false,50.61
2026-02-16,SKU-1011,C-EAST,21,false,52.1
2026-02-23,SKU-1011,C-EAST,27,false,50.09
2026-03-02,SKU-1011,C-EAST,16,false,51.63
2026-03-09,SKU-1011,C-EAST,22,false,51.58
2026-03-16,SKU-1011,C-EAST,26,false,51.12
2026-03-23,SKU-1011,C-EAST,28,false,49.96
2026-03-30,SKU-1011,C-EAST,36,false,49.96
2026-04-06,SKU-1011,C-EAST,30,false,51.35
2026-04-13,SKU-1011,C-EAST,27,false,50.71
2026-04-20,SKU-1011,C-EAST,28,false,51.43
2026-04-27,SKU-1011,C-EAST,41,false,50.4
2026-05-04,SKU-1011,C-EAST,46,false,49.68
2026-05-11,SKU-1011,C-EAST,40,false,49.85
2024-11-18,SKU-1011,C-WEST,11,false,49.3
2024-11-25,SKU-1011,C-WEST,9,false,50.08
2024-12-02,SKU-1011,C-WEST,7,false,52.27
2024-12-09,SKU-1011,C-WEST,9,false,51.57
2024-12-16,SKU-1011,C-WEST,10,false,52.26
2024-12-23,SKU-1011,C-WEST,10,false,51.9
2024-12-30,SKU-1011,C-WEST,7,false,50.65
2025-01-06,SKU-1011,C-WEST,8,false,50.01
2025-01-13,SKU-1011,C-WEST,8,false,51.5
2025-01-20,SKU-1011,C-WEST,8,false,50.42
2025-01-27,SKU-1011,C-WEST,7,false,51.52
2025-02-03,SKU-1011,C-WEST,11,false,51.07
2025-02-10,SKU-1011,C-WEST,7,false,51.65
2025-02-17,SKU-1011,C-WEST,10,false,50.84
2025-02-24,SKU-1011,C-WEST,8,false,49.39
2025-03-03,SKU-1011,C-WEST,12,false,52.29
2025-03-10,SKU-1011,C-WEST,8,false,51.5
2025-03-17,SKU-1011,C-WEST,11,false,50.96
2025-03-24,SKU-1011,C-WEST,11,false,49.41
2025-03-31,SKU-1011,C-WEST,14,false,50.14
2025-04-07,SKU-1011,C-WEST,14,false,51.78
2025-04-14,SKU-1011,C-WEST,16,false,50.66
2025-04-21,SKU-1011,C-WEST,17,false,49.42
2025-04-28,SKU-1011,C-WEST,16,false,50.83
2025-05-05,SKU-1011,C-WEST,20,false,50.63
2025-05-12,SKU-1011,C-WEST,20,false,51.46
2025-05-19,SKU-1011,C-WEST,22,false,52.11
2025-05-26,SKU-1011,C-WEST,25,false,51.38
2025-06-02,SKU-1011,C-WEST,23,false,50.63
2025-06-09,SKU-1011,C-WEST,23,false,49.8
2025-06-16,SKU-1011,C-WEST,16,false,49.87
2025-06-23,SKU-1011,C-WEST,18,false,50.64
2025-06-30,SKU-1011,C-WEST,20,false,52.02
2025-07-07,SKU-1011,C-WEST,26,false,51.68
2025-07-14,SKU-1011,C-WEST,25,false,49.6
2025-07-21,SKU-1011,C-WEST,24,false,50.63
2025-07-28,SKU-1011,C-WEST,19,false,50.43
2025-08-04,SKU-1011,C-WEST,21,false,51.67
2025-08-11,SKU-1011,C-WEST,12,false,50.41
2025-08-18,SKU-1011,C-WEST,19,false,50.42
2025-08-25,SKU-1011,C-WEST,20,false,50.98
2025-09-01,SKU-1011,C-WEST,15,false,51.27
2025-09-08,SKU-1011,C-WEST,21,false,49.8
2025-09-15,SKU-1011,C-WEST,19,false,51.43
2025-09-22,SKU-1011,C-WEST,14,false,51.6
2025-09-29,SKU-1011,C-WEST,16,false,50.62
2025-10-06,SKU-1011,C-WEST,13,false,49.66
2025-10-13,SKU-1011,C-WEST,17,false,49.87
2025-10-20,SKU-1011,C-WEST,14,false,50.65
2025-10-27,SKU-1011,C-WEST,11,false,51.86
2025-11-03,SKU-1011,C-WEST,11,false,51.95
2025-11-10,SKU-1011,C-WEST,10,false,49.98
2025-11-17,SKU-1011,C-WEST,9,false,50.51
2025-11-24,SKU-1011,C-WEST,9,false,49.5
2025-12-01,SKU-1011,C-WEST,9,false,50.92
2025-12-08,SKU-1011,C-WEST,8,false,51.14
2025-12-15,SKU-1011,C-WEST,7,false,49.41
2025-12-22,SKU-1011,C-WEST,8,false,49.71
2025-12-29,SKU-1011,C-WEST,7,false,51.86
2026-01-05,SKU-1011,C-WEST,7,false,51.29
2026-01-12,SKU-1011,C-WEST,8,false,52.06
2026-01-19,SKU-1011,C-WEST,8,false,49.41
2026-01-26,SKU-1011,C-WEST,9,false,51.3
2026-02-02,SKU-1011,C-WEST,9,false,51.12
2026-02-09,SKU-1011,C-WEST,8,false,51.66
2026-02-16,SKU-1011,C-WEST,7,false,49.8
2026-02-23,SKU-1011,C-WEST,8,false,52.09
2026-03-02,SKU-1011,C-WEST,10,false,49.54
2026-03-09,SKU-1011,C-WEST,11,false,50.41
2026-03-16,SKU-1011,C-WEST,12,false,49.46
2026-03-23,SKU-1011,C-WEST,11,false,50.15
2026-03-30,SKU-1011,C-WEST,12,false,49.67
2026-04-06,SKU-1011,C-WEST,11,false,50.86
2026-04-13,SKU-1011,C-WEST,12,false,50.86
2026-04-20,SKU-1011,C-WEST,14,false,49.59
2026-04-27,SKU-1011,C-WEST,16,false,51.48
2026-05-04,SKU-1011,C-WEST,13,false,50.73
2026-05-11,SKU-1011,C-WEST,14,false,51.35
2024-11-18,SKU-1012,C-EAST,49,false,63.5
2024-11-25,SKU-1012,C-EAST,53,false,61.13
2024-12-02,SKU-1012,C-EAST,49,false,61.74
2024-12-09,SKU-1012,C-EAST,47,false,62.16
2024-12-16,SKU-1012,C-EAST,36,false,62.07
2024-12-23,SKU-1012,C-EAST,49,false,62.44
2024-12-30,SKU-1012,C-EAST,41,false,59.91
2025-01-06,SKU-1012,C-EAST,43,false,62.13
2025-01-13,SKU-1012,C-EAST,41,false,62.78
2025-01-20,SKU-1012,C-EAST,45,false,63.52
2025-01-27,SKU-1012,C-EAST,34,false,61.89
2025-02-03,SKU-1012,C-EAST,38,false,62.18
2025-02-10,SKU-1012,C-EAST,47,false,60.86
2025-02-17,SKU-1012,C-EAST,39,false,62.74
2025-02-24,SKU-1012,C-EAST,61,false,61.02
2025-03-03,SKU-1012,C-EAST,74,false,59.84
2025-03-10,SKU-1012,C-EAST,70,false,62.5
2025-03-17,SKU-1012,C-EAST,59,false,62.1
2025-03-24,SKU-1012,C-EAST,71,false,61.04
2025-03-31,SKU-1012,C-EAST,67,false,61.07
2025-04-07,SKU-1012,C-EAST,60,false,62.77
2025-04-14,SKU-1012,C-EAST,60,false,62.21
2025-04-21,SKU-1012,C-EAST,68,false,63.12
2025-04-28,SKU-1012,C-EAST,84,false,61.81
2025-05-05,SKU-1012,C-EAST,85,false,61.35
2025-05-12,SKU-1012,C-EAST,116,false,62.57
2025-05-19,SKU-1012,C-EAST,105,false,62.5
2025-05-26,SKU-1012,C-EAST,113,false,60.99
2025-06-02,SKU-1012,C-EAST,95,false,62.36
2025-06-09,SKU-1012,C-EAST,104,false,62.78
2025-06-16,SKU-1012,C-EAST,124,false,63.41
2025-06-23,SKU-1012,C-EAST,119,false,60.86
2025-06-30,SKU-1012,C-EAST,157,false,62.14
2025-07-07,SKU-1012,C-EAST,131,false,62.94
2025-07-14,SKU-1012,C-EAST,122,false,62.02
2025-07-21,SKU-1012,C-EAST,127,false,63.02
2025-07-28,SKU-1012,C-EAST,131,false,60.98
2025-08-04,SKU-1012,C-EAST,94,false,59.94
2025-08-11,SKU-1012,C-EAST,111,false,60.7
2025-08-18,SKU-1012,C-EAST,102,false,61.49
2025-08-25,SKU-1012,C-EAST,97,false,60.94
2025-09-01,SKU-1012,C-EAST,86,false,60.24
2025-09-08,SKU-1012,C-EAST,94,false,63.2
2025-09-15,SKU-1012,C-EAST,73,false,61.46
2025-09-22,SKU-1012,C-EAST,89,false,61.67
2025-09-29,SKU-1012,C-EAST,93,false,60.52
2025-10-06,SKU-1012,C-EAST,100,false,61.76
2025-10-13,SKU-1012,C-EAST,70,false,62.69
2025-10-20,SKU-1012,C-EAST,91,false,62.86
2025-10-27,SKU-1012,C-EAST,63,false,63.29
2025-11-03,SKU-1012,C-EAST,71,false,62.5
2025-11-10,SKU-1012,C-EAST,47,false,61.52
2025-11-17,SKU-1012,C-EAST,52,false,59.84
2025-11-24,SKU-1012,C-EAST,53,false,63.27
2025-12-01,SKU-1012,C-EAST,55,false,60.14
2025-12-08,SKU-1012,C-EAST,46,false,61.55
2025-12-15,SKU-1012,C-EAST,40,false,62.26
2025-12-22,SKU-1012,C-EAST,50,false,60.98
2025-12-29,SKU-1012,C-EAST,32,false,63.12
2026-01-05,SKU-1012,C-EAST,37,false,61.01
2026-01-12,SKU-1012,C-EAST,35,false,61.0
2026-01-19,SKU-1012,C-EAST,40,false,61.45
2026-01-26,SKU-1012,C-EAST,35,false,60.83
2026-02-02,SKU-1012,C-EAST,57,false,59.88
2026-02-09,SKU-1012,C-EAST,53,false,60.58
2026-02-16,SKU-1012,C-EAST,56,false,61.12
2026-02-23,SKU-1012,C-EAST,63,false,62.43
2026-03-02,SKU-1012,C-EAST,63,false,60.87
2026-03-09,SKU-1012,C-EAST,67,false,62.09
2026-03-16,SKU-1012,C-EAST,56,false,61.07
2026-03-23,SKU-1012,C-EAST,57,false,61.56
2026-03-30,SKU-1012,C-EAST,79,false,62.32
2026-04-06,SKU-1012,C-EAST,67,false,61.4
2026-04-13,SKU-1012,C-EAST,84,false,60.48
2026-04-20,SKU-1012,C-EAST,74,false,62.91
2026-04-27,SKU-1012,C-EAST,94,false,62.41
2026-05-04,SKU-1012,C-EAST,104,false,62.84
2026-05-11,SKU-1012,C-EAST,106,false,62.46
2024-11-18,SKU-1012,C-WEST,21,false,63.42
2024-11-25,SKU-1012,C-WEST,19,false,62.62
2024-12-02,SKU-1012,C-WEST,19,false,62.83
2024-12-09,SKU-1012,C-WEST,19,false,63.22
2024-12-16,SKU-1012,C-WEST,14,false,62.35
2024-12-23,SKU-1012,C-WEST,14,false,62.45
2024-12-30,SKU-1012,C-WEST,12,false,60.65
2025-01-06,SKU-1012,C-WEST,12,false,63.01
2025-01-13,SKU-1012,C-WEST,11,false,61.27
2025-01-20,SKU-1012,C-WEST,11,false,62.41
2025-01-27,SKU-1012,C-WEST,15,false,63.08
2025-02-03,SKU-1012,C-WEST,14,false,61.5
2025-02-10,SKU-1012,C-WEST,19,false,61.12
2025-02-17,SKU-1012,C-WEST,18,false,61.53
2025-02-24,SKU-1012,C-WEST,17,false,62.06
2025-03-03,SKU-1012,C-WEST,33,true,60.29
2025-03-10,SKU-1012,C-WEST,21,false,62.77
2025-03-17,SKU-1012,C-WEST,23,false,61.03
2025-03-24,SKU-1012,C-WEST,21,false,61.79
2025-03-31,SKU-1012,C-WEST,25,false,61.3
2025-04-07,SKU-1012,C-WEST,23,false,61.85
2025-04-14,SKU-1012,C-WEST,23,false,63.42
2025-04-21,SKU-1012,C-WEST,23,false,62.83
2025-04-28,SKU-1012,C-WEST,29,false,62.01
2025-05-05,SKU-1012,C-WEST,31,false,62.73
2025-05-12,SKU-1012,C-WEST,27,false,61.83
2025-05-19,SKU-1012,C-WEST,44,false,60.11
2025-05-26,SKU-1012,C-WEST,43,false,63.26
2025-06-02,SKU-1012,C-WEST,36,false,62.01
2025-06-09,SKU-1012,C-WEST,36,false,61.53
2025-06-16,SKU-1012,C-WEST,29,false,60.47
2025-06-23,SKU-1012,C-WEST,33,false,63.36
2025-06-30,SKU-1012,C-WEST,55,false,62.83
2025-07-07,SKU-1012,C-WEST,41,false,62.67
2025-07-14,SKU-1012,C-WEST,40,false,62.26
2025-07-21,SKU-1012,C-WEST,63,false,60.15
2025-07-28,SKU-1012,C-WEST,44,false,63.16
2025-08-04,SKU-1012,C-WEST,43,false,62.17
2025-08-11,SKU-1012,C-WEST,39,false,60.37
2025-08-18,SKU-1012,C-WEST,33,false,61.79
2025-08-25,SKU-1012,C-WEST,28,false,60.54
2025-09-01,SKU-1012,C-WEST,39,false,62.34
2025-09-08,SKU-1012,C-WEST,49,false,63.2
2025-09-15,SKU-1012,C-WEST,40,false,60.95
2025-09-22,SKU-1012,C-WEST,32,false,63.46
2025-09-29,SKU-1012,C-WEST,30,false,61.09
2025-10-06,SKU-1012,C-WEST,27,false,63.47
2025-10-13,SKU-1012,C-WEST,19,false,61.32
2025-10-20,SKU-1012,C-WEST,24,false,61.19
2025-10-27,SKU-1012,C-WEST,23,false,61.85
2025-11-03,SKU-1012,C-WEST,24,false,62.86
2025-11-10,SKU-1012,C-WEST,21,false,61.15
2025-11-17,SKU-1012,C-WEST,21,false,60.69
2025-11-24,SKU-1012,C-WEST,13,false,62.42
2025-12-01,SKU-1012,C-WEST,15,false,61.24
2025-12-08,SKU-1012,C-WEST,16,false,61.23
2025-12-15,SKU-1012,C-WEST,11,false,61.58
2025-12-22,SKU-1012,C-WEST,14,false,60.52
2025-12-29,SKU-1012,C-WEST,13,false,62.93
2026-01-05,SKU-1012,C-WEST,16,false,60.39
2026-01-12,SKU-1012,C-WEST,17,false,60.32
2026-01-19,SKU-1012,C-WEST,14,false,60.09
2026-01-26,SKU-1012,C-WEST,15,false,61.62
2026-02-02,SKU-1012,C-WEST,16,false,61.44
2026-02-09,SKU-1012,C-WEST,16,false,62.2
2026-02-16,SKU-1012,C-WEST,16,false,61.36
2026-02-23,SKU-1012,C-WEST,13,false,62.06
2026-03-02,SKU-1012,C-WEST,20,false,61.4
2026-03-09,SKU-1012,C-WEST,21,false,61.86
2026-03-16,SKU-1012,C-WEST,22,false,61.49
2026-03-23,SKU-1012,C-WEST,18,false,62.06
2026-03-30,SKU-1012,C-WEST,25,false,61.96
2026-04-06,SKU-1012,C-WEST,24,false,61.68
2026-04-13,SKU-1012,C-WEST,26,false,61.34
2026-04-20,SKU-1012,C-WEST,31,false,63.44
2026-04-27,SKU-1012,C-WEST,33,false,61.92
2026-05-04,SKU-1012,C-WEST,31,false,61.6
2026-05-11,SKU-1012,C-WEST,34,false,62.37
2024-11-18,SKU-1013,C-EAST,33,false,41.03
2024-11-25,SKU-1013,C-EAST,26,false,43.08
2024-12-02,SKU-1013,C-EAST,33,false,42.71
2024-12-09,SKU-1013,C-EAST,30,false,43.26
2024-12-16,SKU-1013,C-EAST,28,false,42.85
2024-12-23,SKU-1013,C-EAST,33,false,41.63
2024-12-30,SKU-1013,C-EAST,29,false,42.8
2025-01-06,SKU-1013,C-EAST,28,false,42.02
2025-01-13,SKU-1013,C-EAST,19,false,42.69
2025-01-20,SKU-1013,C-EAST,25,false,41.9
2025-01-27,SKU-1013,C-EAST,29,false,41.57
2025-02-03,SKU-1013,C-EAST,21,false,40.93
2025-02-10,SKU-1013,C-EAST,33,false,42.67
2025-02-17,SKU-1013,C-EAST,21,false,42.26
2025-02-24,SKU-1013,C-EAST,44,false,41.26
2025-03-03,SKU-1013,C-EAST,43,false,40.97
2025-03-10,SKU-1013,C-EAST,54,false,42.41
2025-03-17,SKU-1013,C-EAST,40,false,41.56
2025-03-24,SKU-1013,C-EAST,49,false,42.99
2025-03-31,SKU-1013,C-EAST,45,false,41.54
2025-04-07,SKU-1013,C-EAST,44,false,43.0
2025-04-14,SKU-1013,C-EAST,50,false,40.87
2025-04-21,SKU-1013,C-EAST,52,false,42.33
2025-04-28,SKU-1013,C-EAST,55,false,41.22
2025-05-05,SKU-1013,C-EAST,45,false,41.5
2025-05-12,SKU-1013,C-EAST,70,false,42.61
2025-05-19,SKU-1013,C-EAST,48,false,43.01
2025-05-26,SKU-1013,C-EAST,74,false,41.7
2025-06-02,SKU-1013,C-EAST,68,false,43.2
2025-06-09,SKU-1013,C-EAST,70,false,41.23
2025-06-16,SKU-1013,C-EAST,41,false,42.78
2025-06-23,SKU-1013,C-EAST,79,false,41.44
2025-06-30,SKU-1013,C-EAST,64,false,41.37
2025-07-07,SKU-1013,C-EAST,84,false,42.69
2025-07-14,SKU-1013,C-EAST,70,false,42.75
2025-07-21,SKU-1013,C-EAST,91,false,41.13
2025-07-28,SKU-1013,C-EAST,82,false,41.6
2025-08-04,SKU-1013,C-EAST,78,false,42.72
2025-08-11,SKU-1013,C-EAST,74,false,41.8
2025-08-18,SKU-1013,C-EAST,51,false,42.62
2025-08-25,SKU-1013,C-EAST,53,false,43.04
2025-09-01,SKU-1013,C-EAST,56,false,40.87
2025-09-08,SKU-1013,C-EAST,65,false,42.55
2025-09-15,SKU-1013,C-EAST,51,false,43.27
2025-09-22,SKU-1013,C-EAST,50,false,43.16
2025-09-29,SKU-1013,C-EAST,55,false,42.45
2025-10-06,SKU-1013,C-EAST,62,false,43.16
2025-10-13,SKU-1013,C-EAST,46,false,43.01
2025-10-20,SKU-1013,C-EAST,46,false,41.09
2025-10-27,SKU-1013,C-EAST,38,false,42.49
2025-11-03,SKU-1013,C-EAST,35,false,42.73
2025-11-10,SKU-1013,C-EAST,35,false,42.69
2025-11-17,SKU-1013,C-EAST,31,false,41.69
2025-11-24,SKU-1013,C-EAST,34,false,42.58
2025-12-01,SKU-1013,C-EAST,37,false,42.54
2025-12-08,SKU-1013,C-EAST,38,false,42.94
2025-12-15,SKU-1013,C-EAST,24,false,41.1
2025-12-22,SKU-1013,C-EAST,31,false,41.96
2025-12-29,SKU-1013,C-EAST,22,false,41.32
2026-01-05,SKU-1013,C-EAST,27,false,40.9
2026-01-12,SKU-1013,C-EAST,27,false,42.5
2026-01-19,SKU-1013,C-EAST,27,false,42.95
2026-01-26,SKU-1013,C-EAST,25,false,42.63
2026-02-02,SKU-1013,C-EAST,31,false,41.14
2026-02-09,SKU-1013,C-EAST,36,false,42.5
2026-02-16,SKU-1013,C-EAST,34,false,43.11
2026-02-23,SKU-1013,C-EAST,25,false,43.1
2026-03-02,SKU-1013,C-EAST,33,false,42.59
2026-03-09,SKU-1013,C-EAST,42,false,43.2
2026-03-16,SKU-1013,C-EAST,39,false,42.45
2026-03-23,SKU-1013,C-EAST,41,false,41.92
2026-03-30,SKU-1013,C-EAST,47,false,43.12
2026-04-06,SKU-1013,C-EAST,41,false,41.25
2026-04-13,SKU-1013,C-EAST,46,false,41.02
2026-04-20,SKU-1013,C-EAST,53,false,41.68
2026-04-27,SKU-1013,C-EAST,54,false,40.99
2026-05-04,SKU-1013,C-EAST,72,false,41.95
2026-05-11,SKU-1013,C-EAST,66,false,42.08
2024-11-18,SKU-1013,C-WEST,15,false,41.29
2024-11-25,SKU-1013,C-WEST,11,false,42.08
2024-12-02,SKU-1013,C-WEST,13,false,41.39
2024-12-09,SKU-1013,C-WEST,13,false,42.46
2024-12-16,SKU-1013,C-WEST,11,false,41.1
2024-12-23,SKU-1013,C-WEST,7,false,41.02
2024-12-30,SKU-1013,C-WEST,7,false,41.96
2025-01-06,SKU-1013,C-WEST,6,false,43.1
2025-01-13,SKU-1013,C-WEST,9,false,43.19
2025-01-20,SKU-1013,C-WEST,9,false,42.52
2025-01-27,SKU-1013,C-WEST,9,false,43.12
2025-02-03,SKU-1013,C-WEST,12,false,42.29
2025-02-10,SKU-1013,C-WEST,7,false,42.08
2025-02-17,SKU-1013,C-WEST,10,false,41.94
2025-02-24,SKU-1013,C-WEST,10,false,42.82
2025-03-03,SKU-1013,C-WEST,7,false,42.2
2025-03-10,SKU-1013,C-WEST,14,false,42.9
2025-03-17,SKU-1013,C-WEST,12,false,42.05
2025-03-24,SKU-1013,C-WEST,9,false,41.74
2025-03-31,SKU-1013,C-WEST,15,false,42.56
2025-04-07,SKU-1013,C-WEST,12,false,43.26
2025-04-14,SKU-1013,C-WEST,13,false,41.07
2025-04-21,SKU-1013,C-WEST,9,false,41.04
2025-04-28,SKU-1013,C-WEST,14,false,42.0
2025-05-05,SKU-1013,C-WEST,17,false,41.28
2025-05-12,SKU-1013,C-WEST,14,false,40.94
2025-05-19,SKU-1013,C-WEST,25,false,42.59
2025-05-26,SKU-1013,C-WEST,24,false,43.1
2025-06-02,SKU-1013,C-WEST,21,false,41.05
2025-06-09,SKU-1013,C-WEST,20,false,42.44
2025-06-16,SKU-1013,C-WEST,19,false,41.32
2025-06-23,SKU-1013,C-WEST,18,false,42.66
2025-06-30,SKU-1013,C-WEST,28,false,41.0
2025-07-07,SKU-1013,C-WEST,21,false,42.2
2025-07-14,SKU-1013,C-WEST,24,false,42.94
2025-07-21,SKU-1013,C-WEST,42,false,41.97
2025-07-28,SKU-1013,C-WEST,25,false,40.98
2025-08-04,SKU-1013,C-WEST,31,false,42.83
2025-08-11,SKU-1013,C-WEST,23,false,42.88
2025-08-18,SKU-1013,C-WEST,20,false,42.52
2025-08-25,SKU-1013,C-WEST,14,false,43.05
2025-09-01,SKU-1013,C-WEST,23,false,41.21
2025-09-08,SKU-1013,C-WEST,23,false,40.93
2025-09-15,SKU-1013,C-WEST,18,false,41.19
2025-09-22,SKU-1013,C-WEST,16,false,43.16
2025-09-29,SKU-1013,C-WEST,16,false,40.95
2025-10-06,SKU-1013,C-WEST,15,false,41.27
2025-10-13,SKU-1013,C-WEST,10,false,40.96
2025-10-20,SKU-1013,C-WEST,12,false,41.99
2025-10-27,SKU-1013,C-WEST,15,false,41.27
2025-11-03,SKU-1013,C-WEST,10,false,41.11
2025-11-10,SKU-1013,C-WEST,10,false,42.09
2025-11-17,SKU-1013,C-WEST,11,false,42.87
2025-11-24,SKU-1013,C-WEST,8,false,41.91
2025-12-01,SKU-1013,C-WEST,10,false,42.55
2025-12-08,SKU-1013,C-WEST,5,false,41.66
2025-12-15,SKU-1013,C-WEST,8,false,41.18
2025-12-22,SKU-1013,C-WEST,8,false,42.95
2025-12-29,SKU-1013,C-WEST,10,false,42.34
2026-01-05,SKU-1013,C-WEST,6,false,41.68
2026-01-12,SKU-1013,C-WEST,9,false,41.89
2026-01-19,SKU-1013,C-WEST,8,false,42.6
2026-01-26,SKU-1013,C-WEST,6,false,43.18
2026-02-02,SKU-1013,C-WEST,8,false,40.94
2026-02-09,SKU-1013,C-WEST,11,false,42.38
2026-02-16,SKU-1013,C-WEST,11,false,42.8
2026-02-23,SKU-1013,C-WEST,10,false,40.85
2026-03-02,SKU-1013,C-WEST,11,false,41.29
2026-03-09,SKU-1013,C-WEST,14,false,43.08
2026-03-16,SKU-1013,C-WEST,12,false,41.89
2026-03-23,SKU-1013,C-WEST,11,false,42.59
2026-03-30,SKU-1013,C-WEST,11,false,41.36
2026-04-06,SKU-1013,C-WEST,12,false,41.88
2026-04-13,SKU-1013,C-WEST,14,false,43.21
2026-04-20,SKU-1013,C-WEST,19,false,41.29
2026-04-27,SKU-1013,C-WEST,20,false,42.1
2026-05-04,SKU-1013,C-WEST,22,false,42.81
2026-05-11,SKU-1013,C-WEST,19,false,41.72
2024-11-18,SKU-1014,C-EAST,20,false,18.34
2024-11-25,SKU-1014,C-EAST,19,false,18.1
2024-12-02,SKU-1014,C-EAST,18,false,18.23
2024-12-09,SKU-1014,C-EAST,19,false,17.82
2024-12-16,SKU-1014,C-EAST,16,false,18.26
2024-12-23,SKU-1014,C-EAST,17,false,18.57
2024-12-30,SKU-1014,C-EAST,13,false,18.24
2025-01-06,SKU-1014,C-EAST,15,false,17.56
2025-01-13,SKU-1014,C-EAST,15,false,17.99
2025-01-20,SKU-1014,C-EAST,14,false,17.88
2025-01-27,SKU-1014,C-EAST,15,false,17.57
2025-02-03,SKU-1014,C-EAST,18,false,18.32
2025-02-10,SKU-1014,C-EAST,18,false,18.37
2025-02-17,SKU-1014,C-EAST,15,false,18.04
2025-02-24,SKU-1014,C-EAST,25,false,18.3
2025-03-03,SKU-1014,C-EAST,23,false,18.16
2025-03-10,SKU-1014,C-EAST,22,false,18.25
2025-03-17,SKU-1014,C-EAST,20,false,17.87
2025-03-24,SKU-1014,C-EAST,21,false,17.62
2025-03-31,SKU-1014,C-EAST,22,false,18.32
2025-04-07,SKU-1014,C-EAST,23,false,17.76
2025-04-14,SKU-1014,C-EAST,26,false,18.03
2025-04-21,SKU-1014,C-EAST,20,false,17.68
2025-04-28,SKU-1014,C-EAST,24,false,18.52
2025-05-05,SKU-1014,C-EAST,27,false,17.67
2025-05-12,SKU-1014,C-EAST,50,false,18.3
2025-05-19,SKU-1014,C-EAST,27,false,17.74
2025-05-26,SKU-1014,C-EAST,29,false,17.66
2025-06-02,SKU-1014,C-EAST,29,false,17.67
2025-06-09,SKU-1014,C-EAST,23,false,18.44
2025-06-16,SKU-1014,C-EAST,30,false,17.89
2025-06-23,SKU-1014,C-EAST,36,false,18.48
2025-06-30,SKU-1014,C-EAST,34,false,18.21
2025-07-07,SKU-1014,C-EAST,32,false,18.18
2025-07-14,SKU-1014,C-EAST,36,false,18.44
2025-07-21,SKU-1014,C-EAST,31,false,17.61
2025-07-28,SKU-1014,C-EAST,32,false,18.6
2025-08-04,SKU-1014,C-EAST,36,false,18.16
2025-08-11,SKU-1014,C-EAST,33,false,18.31
2025-08-18,SKU-1014,C-EAST,30,false,18.32
2025-08-25,SKU-1014,C-EAST,28,false,18.15
2025-09-01,SKU-1014,C-EAST,29,false,18.48
2025-09-08,SKU-1014,C-EAST,29,false,18.14
2025-09-15,SKU-1014,C-EAST,31,false,17.52
2025-09-22,SKU-1014,C-EAST,41,false,18.03
2025-09-29,SKU-1014,C-EAST,26,false,18.35
2025-10-06,SKU-1014,C-EAST,25,false,18.04
2025-10-13,SKU-1014,C-EAST,20,false,18.38
2025-10-20,SKU-1014,C-EAST,24,false,17.78
2025-10-27,SKU-1014,C-EAST,20,false,18.12
2025-11-03,SKU-1014,C-EAST,26,false,18.55
2025-11-10,SKU-1014,C-EAST,19,false,17.66
2025-11-17,SKU-1014,C-EAST,16,false,17.62
2025-11-24,SKU-1014,C-EAST,17,false,18.04
2025-12-01,SKU-1014,C-EAST,13,false,18.45
2025-12-08,SKU-1014,C-EAST,17,false,18.33
2025-12-15,SKU-1014,C-EAST,18,false,18.35
2025-12-22,SKU-1014,C-EAST,15,false,18.47
2025-12-29,SKU-1014,C-EAST,13,false,17.92
2026-01-05,SKU-1014,C-EAST,12,false,18.02
2026-01-12,SKU-1014,C-EAST,13,false,17.59
2026-01-19,SKU-1014,C-EAST,15,false,18.49
2026-01-26,SKU-1014,C-EAST,17,false,17.98
2026-02-02,SKU-1014,C-EAST,17,false,17.81
2026-02-09,SKU-1014,C-EAST,17,false,18.38
2026-02-16,SKU-1014,C-EAST,15,false,18.37
2026-02-23,SKU-1014,C-EAST,21,false,18.32
2026-03-02,SKU-1014,C-EAST,22,false,17.58
2026-03-09,SKU-1014,C-EAST,22,false,18.48
2026-03-16,SKU-1014,C-EAST,22,false,17.64
2026-03-23,SKU-1014,C-EAST,20,false,17.91
2026-03-30,SKU-1014,C-EAST,20,false,17.71
2026-04-06,SKU-1014,C-EAST,25,false,18.29
2026-04-13,SKU-1014,C-EAST,28,false,17.74
2026-04-20,SKU-1014,C-EAST,31,false,17.64
2026-04-27,SKU-1014,C-EAST,29,false,18.04
2026-05-04,SKU-1014,C-EAST,37,false,18.56
2026-05-11,SKU-1014,C-EAST,26,false,17.75
2024-11-18,SKU-1014,C-WEST,12,false,17.9
2024-11-25,SKU-1014,C-WEST,11,false,17.81
2024-12-02,SKU-1014,C-WEST,10,false,17.59
2024-12-09,SKU-1014,C-WEST,10,false,17.89
2024-12-16,SKU-1014,C-WEST,9,false,17.65
2024-12-23,SKU-1014,C-WEST,10,false,18.29
2024-12-30,SKU-1014,C-WEST,9,false,17.83
2025-01-06,SKU-1014,C-WEST,7,false,18.19
2025-01-13,SKU-1014,C-WEST,10,false,18.39
2025-01-20,SKU-1014,C-WEST,7,false,18.54
2025-01-27,SKU-1014,C-WEST,11,false,18.01
2025-02-03,SKU-1014,C-WEST,14,false,17.61
2025-02-10,SKU-1014,C-WEST,8,false,18.55
2025-02-17,SKU-1014,C-WEST,10,false,17.64
2025-02-24,SKU-1014,C-WEST,10,false,18.06
2025-03-03,SKU-1014,C-WEST,12,false,18.47
2025-03-10,SKU-1014,C-WEST,11,false,17.84
2025-03-17,SKU-1014,C-WEST,14,false,18.57
2025-03-24,SKU-1014,C-WEST,14,false,17.89
2025-03-31,SKU-1014,C-WEST,14,false,18.0
2025-04-07,SKU-1014,C-WEST,12,false,17.59
2025-04-14,SKU-1014,C-WEST,14,false,18.46
2025-04-21,SKU-1014,C-WEST,18,false,18.22
2025-04-28,SKU-1014,C-WEST,19,false,17.96
2025-05-05,SKU-1014,C-WEST,14,false,17.87
2025-05-12,SKU-1014,C-WEST,22,false,18.16
2025-05-19,SKU-1014,C-WEST,19,false,18.0
2025-05-26,SKU-1014,C-WEST,16,false,17.85
2025-06-02,SKU-1014,C-WEST,22,false,17.7
2025-06-09,SKU-1014,C-WEST,27,false,17.8
2025-06-16,SKU-1014,C-WEST,14,false,18.35
2025-06-23,SKU-1014,C-WEST,18,false,17.57
2025-06-30,SKU-1014,C-WEST,19,false,17.7
2025-07-07,SKU-1014,C-WEST,20,false,18.52
2025-07-14,SKU-1014,C-WEST,21,false,18.57
2025-07-21,SKU-1014,C-WEST,20,false,18.43
2025-07-28,SKU-1014,C-WEST,24,false,17.68
2025-08-04,SKU-1014,C-WEST,21,false,17.78
2025-08-11,SKU-1014,C-WEST,23,false,17.66
2025-08-18,SKU-1014,C-WEST,19,false,17.8
2025-08-25,SKU-1014,C-WEST,20,false,17.56
2025-09-01,SKU-1014,C-WEST,17,false,17.86
2025-09-08,SKU-1014,C-WEST,16,false,18.1
2025-09-15,SKU-1014,C-WEST,18,false,17.69
2025-09-22,SKU-1014,C-WEST,19,false,17.96
2025-09-29,SKU-1014,C-WEST,20,false,18.06
2025-10-06,SKU-1014,C-WEST,15,false,17.87
2025-10-13,SKU-1014,C-WEST,17,false,17.52
2025-10-20,SKU-1014,C-WEST,17,false,17.88
2025-10-27,SKU-1014,C-WEST,10,false,18.28
2025-11-03,SKU-1014,C-WEST,12,false,18.54
2025-11-10,SKU-1014,C-WEST,11,false,18.58
2025-11-17,SKU-1014,C-WEST,8,false,18.13
2025-11-24,SKU-1014,C-WEST,9,false,18.5
2025-12-01,SKU-1014,C-WEST,9,false,18.31
2025-12-08,SKU-1014,C-WEST,9,false,18.49
2025-12-15,SKU-1014,C-WEST,11,false,17.85
2025-12-22,SKU-1014,C-WEST,11,false,17.95
2025-12-29,SKU-1014,C-WEST,9,false,17.62
2026-01-05,SKU-1014,C-WEST,8,false,17.58
2026-01-12,SKU-1014,C-WEST,7,false,17.76
2026-01-19,SKU-1014,C-WEST,9,false,18.53
2026-01-26,SKU-1014,C-WEST,11,false,18.1
2026-02-02,SKU-1014,C-WEST,8,false,18.0
2026-02-09,SKU-1014,C-WEST,9,false,18.07
2026-02-16,SKU-1014,C-WEST,10,false,17.73
2026-02-23,SKU-1014,C-WEST,12,false,18.54
2026-03-02,SKU-1014,C-WEST,15,false,18.5
2026-03-09,SKU-1014,C-WEST,12,false,18.44
2026-03-16,SKU-1014,C-WEST,13,false,17.92
2026-03-23,SKU-1014,C-WEST,11,false,17.9
2026-03-30,SKU-1014,C-WEST,13,false,18.58
2026-04-06,SKU-1014,C-WEST,14,false,18.31
2026-04-13,SKU-1014,C-WEST,17,false,18.0
2026-04-20,SKU-1014,C-WEST,16,false,17.83
2026-04-27,SKU-1014,C-WEST,18,false,18.39
2026-05-04,SKU-1014,C-WEST,24,false,18.49
2026-05-11,SKU-1014,C-WEST,21,false,17.67
2024-11-18,SKU-1015,C-EAST,35,false,45.02
2024-11-25,SKU-1015,C-EAST,23,false,47.5
2024-12-02,SKU-1015,C-EAST,27,false,45.97
2024-12-09,SKU-1015,C-EAST,24,false,47.37
2024-12-16,SKU-1015,C-EAST,20,false,46.8
2024-12-23,SKU-1015,C-EAST,21,false,46.93
2024-12-30,SKU-1015,C-EAST,21,false,45.89
2025-01-06,SKU-1015,C-EAST,24,false,46.37
2025-01-13,SKU-1015,C-EAST,25,false,47.15
2025-01-20,SKU-1015,C-EAST,34,false,45.68
2025-01-27,SKU-1015,C-EAST,21,false,44.91
2025-02-03,SKU-1015,C-EAST,25,false,44.84
2025-02-10,SKU-1015,C-EAST,19,false,47.15
2025-02-17,SKU-1015,C-EAST,27,false,46.14
2025-02-24,SKU-1015,C-EAST,25,false,45.99
2025-03-03,SKU-1015,C-EAST,27,false,46.2
2025-03-10,SKU-1015,C-EAST,32,false,45.16
2025-03-17,SKU-1015,C-EAST,29,false,45.6
2025-03-24,SKU-1015,C-EAST,33,false,46.9
2025-03-31,SKU-1015,C-EAST,34,false,46.44
2025-04-07,SKU-1015,C-EAST,33,false,46.57
2025-04-14,SKU-1015,C-EAST,45,false,46.15
2025-04-21,SKU-1015,C-EAST,44,false,46.25
2025-04-28,SKU-1015,C-EAST,43,false,46.43
2025-05-05,SKU-1015,C-EAST,43,false,45.0
2025-05-12,SKU-1015,C-EAST,42,false,45.72
2025-05-19,SKU-1015,C-EAST,47,false,45.29
2025-05-26,SKU-1015,C-EAST,68,false,45.59
2025-06-02,SKU-1015,C-EAST,45,false,45.82
2025-06-09,SKU-1015,C-EAST,50,false,45.64
2025-06-16,SKU-1015,C-EAST,41,false,46.26
2025-06-23,SKU-1015,C-EAST,48,false,46.96
2025-06-30,SKU-1015,C-EAST,54,false,46.92
2025-07-07,SKU-1015,C-EAST,64,false,46.34
2025-07-14,SKU-1015,C-EAST,66,false,46.73
2025-07-21,SKU-1015,C-EAST,43,false,45.67
2025-07-28,SKU-1015,C-EAST,40,false,45.1
2025-08-04,SKU-1015,C-EAST,43,false,46.44
2025-08-11,SKU-1015,C-EAST,51,false,46.27
2025-08-18,SKU-1015,C-EAST,54,false,45.87
2025-08-25,SKU-1015,C-EAST,48,false,47.36
2025-09-01,SKU-1015,C-EAST,49,false,45.12
2025-09-08,SKU-1015,C-EAST,42,false,45.36
2025-09-15,SKU-1015,C-EAST,42,false,47.32
2025-09-22,SKU-1015,C-EAST,35,false,46.29
2025-09-29,SKU-1015,C-EAST,42,false,46.31
2025-10-06,SKU-1015,C-EAST,32,false,45.15
2025-10-13,SKU-1015,C-EAST,35,false,46.11
2025-10-20,SKU-1015,C-EAST,34,false,47.39
2025-10-27,SKU-1015,C-EAST,32,false,46.16
2025-11-03,SKU-1015,C-EAST,32,false,47.1
2025-11-10,SKU-1015,C-EAST,41,false,47.3
2025-11-17,SKU-1015,C-EAST,30,false,45.78
2025-11-24,SKU-1015,C-EAST,23,false,46.8
2025-12-01,SKU-1015,C-EAST,25,false,45.45
2025-12-08,SKU-1015,C-EAST,23,false,47.21
2025-12-15,SKU-1015,C-EAST,29,false,45.18
2025-12-22,SKU-1015,C-EAST,23,false,45.19
2025-12-29,SKU-1015,C-EAST,28,false,47.01
2026-01-05,SKU-1015,C-EAST,23,false,45.05
2026-01-12,SKU-1015,C-EAST,21,false,44.95
2026-01-19,SKU-1015,C-EAST,17,false,45.13
2026-01-26,SKU-1015,C-EAST,36,false,45.0
2026-02-02,SKU-1015,C-EAST,25,false,45.16
2026-02-09,SKU-1015,C-EAST,28,false,46.68
2026-02-16,SKU-1015,C-EAST,29,false,46.93
2026-02-23,SKU-1015,C-EAST,34,false,45.4
2026-03-02,SKU-1015,C-EAST,25,false,47.33
2026-03-09,SKU-1015,C-EAST,36,false,45.09
2026-03-16,SKU-1015,C-EAST,37,false,47.18
2026-03-23,SKU-1015,C-EAST,39,false,45.8
2026-03-30,SKU-1015,C-EAST,34,false,45.28
2026-04-06,SKU-1015,C-EAST,31,false,45.5
2026-04-13,SKU-1015,C-EAST,35,false,46.41
2026-04-20,SKU-1015,C-EAST,45,false,44.87
2026-04-27,SKU-1015,C-EAST,50,false,45.44
2026-05-04,SKU-1015,C-EAST,45,false,47.33
2026-05-11,SKU-1015,C-EAST,48,false,46.32
2024-11-18,SKU-1015,C-WEST,20,false,45.43
2024-11-25,SKU-1015,C-WEST,18,false,46.23
2024-12-02,SKU-1015,C-WEST,17,false,46.47
2024-12-09,SKU-1015,C-WEST,15,false,46.05
2024-12-16,SKU-1015,C-WEST,16,false,45.82
2024-12-23,SKU-1015,C-WEST,20,false,45.89
2024-12-30,SKU-1015,C-WEST,16,false,45.15
2025-01-06,SKU-1015,C-WEST,19,false,47.56
2025-01-13,SKU-1015,C-WEST,15,false,45.21
2025-01-20,SKU-1015,C-WEST,16,false,46.95
2025-01-27,SKU-1015,C-WEST,14,false,44.95
2025-02-03,SKU-1015,C-WEST,40,true,37.87
2025-02-10,SKU-1015,C-WEST,48,true,39.38
2025-02-17,SKU-1015,C-WEST,20,false,45.7
2025-02-24,SKU-1015,C-WEST,22,false,46.37
2025-03-03,SKU-1015,C-WEST,23,false,45.64
2025-03-10,SKU-1015,C-WEST,26,false,45.03
2025-03-17,SKU-1015,C-WEST,22,false,47.17
2025-03-24,SKU-1015,C-WEST,22,false,45.33
2025-03-31,SKU-1015,C-WEST,21,false,47.6
2025-04-07,SKU-1015,C-WEST,20,false,46.05
2025-04-14,SKU-1015,C-WEST,23,false,46.66
2025-04-21,SKU-1015,C-WEST,29,false,45.94
2025-04-28,SKU-1015,C-WEST,35,false,46.47
2025-05-05,SKU-1015,C-WEST,39,false,47.55
2025-05-12,SKU-1015,C-WEST,37,false,45.01
2025-05-19,SKU-1015,C-WEST,37,false,46.48
2025-05-26,SKU-1015,C-WEST,33,false,47.58
2025-06-02,SKU-1015,C-WEST,37,false,46.84
2025-06-09,SKU-1015,C-WEST,35,false,45.61
2025-06-16,SKU-1015,C-WEST,30,false,45.59
2025-06-23,SKU-1015,C-WEST,28,false,47.02
2025-06-30,SKU-1015,C-WEST,30,false,46.15
2025-07-07,SKU-1015,C-WEST,33,false,46.51
2025-07-14,SKU-1015,C-WEST,31,false,45.61
2025-07-21,SKU-1015,C-WEST,43,false,46.96
2025-07-28,SKU-1015,C-WEST,42,false,46.21
2025-08-04,SKU-1015,C-WEST,39,false,46.58
2025-08-11,SKU-1015,C-WEST,36,false,44.98
2025-08-18,SKU-1015,C-WEST,35,false,45.02
2025-08-25,SKU-1015,C-WEST,22,false,45.89
2025-09-01,SKU-1015,C-WEST,22,false,46.72
2025-09-08,SKU-1015,C-WEST,32,false,45.1
2025-09-15,SKU-1015,C-WEST,29,false,45.05
2025-09-22,SKU-1015,C-WEST,31,false,47.03
2025-09-29,SKU-1015,C-WEST,25,false,45.39
2025-10-06,SKU-1015,C-WEST,27,false,45.56
2025-10-13,SKU-1015,C-WEST,36,false,45.79
2025-10-20,SKU-1015,C-WEST,23,false,47.48
2025-10-27,SKU-1015,C-WEST,17,false,44.92
2025-11-03,SKU-1015,C-WEST,15,false,45.9
2025-11-10,SKU-1015,C-WEST,18,false,45.71
2025-11-17,SKU-1015,C-WEST,16,false,44.92
2025-11-24,SKU-1015,C-WEST,20,false,46.38
2025-12-01,SKU-1015,C-WEST,15,false,46.79
2025-12-08,SKU-1015,C-WEST,17,false,46.2
2025-12-15,SKU-1015,C-WEST,19,false,46.19
2025-12-22,SKU-1015,C-WEST,16,false,45.14
2025-12-29,SKU-1015,C-WEST,14,false,46.73
2026-01-05,SKU-1015,C-WEST,13,false,46.42
2026-01-12,SKU-1015,C-WEST,11,false,46.24
2026-01-19,SKU-1015,C-WEST,14,false,45.92
2026-01-26,SKU-1015,C-WEST,13,false,46.54
2026-02-02,SKU-1015,C-WEST,16,false,45.81
2026-02-09,SKU-1015,C-WEST,19,false,44.91
2026-02-16,SKU-1015,C-WEST,22,false,44.96
2026-02-23,SKU-1015,C-WEST,21,false,46.89
2026-03-02,SKU-1015,C-WEST,19,false,44.91
2026-03-09,SKU-1015,C-WEST,35,false,45.1
2026-03-16,SKU-1015,C-WEST,20,false,45.79
2026-03-23,SKU-1015,C-WEST,22,false,46.67
2026-03-30,SKU-1015,C-WEST,23,false,45.52
2026-04-06,SKU-1015,C-WEST,25,false,47.36
2026-04-13,SKU-1015,C-WEST,23,false,45.02
2026-04-20,SKU-1015,C-WEST,28,false,44.89
2026-04-27,SKU-1015,C-WEST,34,false,45.74
2026-05-04,SKU-1015,C-WEST,26,false,46.41
2026-05-11,SKU-1015,C-WEST,33,false,47.33
2024-11-18,SKU-1016,C-EAST,23,false,56.67
2024-11-25,SKU-1016,C-EAST,25,false,57.46
2024-12-02,SKU-1016,C-EAST,25,false,55.86
2024-12-09,SKU-1016,C-EAST,24,false,56.43
2024-12-16,SKU-1016,C-EAST,21,false,56.81
2024-12-23,SKU-1016,C-EAST,17,false,55.96
2024-12-30,SKU-1016,C-EAST,15,false,57.6
2025-01-06,SKU-1016,C-EAST,20,false,57.39
2025-01-13,SKU-1016,C-EAST,22,false,55.7
2025-01-20,SKU-1016,C-EAST,17,false,54.89
2025-01-27,SKU-1016,C-EAST,20,false,55.49
2025-02-03,SKU-1016,C-EAST,28,false,57.24
2025-02-10,SKU-1016,C-EAST,26,false,55.05
2025-02-17,SKU-1016,C-EAST,22,false,55.87
2025-02-24,SKU-1016,C-EAST,35,false,56.34
2025-03-03,SKU-1016,C-EAST,30,false,55.44
2025-03-10,SKU-1016,C-EAST,31,false,55.75
2025-03-17,SKU-1016,C-EAST,21,false,57.45
2025-03-24,SKU-1016,C-EAST,24,false,55.4
2025-03-31,SKU-1016,C-EAST,33,false,56.09
2025-04-07,SKU-1016,C-EAST,25,false,57.31
2025-04-14,SKU-1016,C-EAST,33,false,55.34
2025-04-21,SKU-1016,C-EAST,36,false,57.65
2025-04-28,SKU-1016,C-EAST,29,false,56.68
2025-05-05,SKU-1016,C-EAST,40,false,57.24
2025-05-12,SKU-1016,C-EAST,86,false,56.31
2025-05-19,SKU-1016,C-EAST,45,false,56.81
2025-05-26,SKU-1016,C-EAST,43,false,57.33
2025-06-02,SKU-1016,C-EAST,32,false,56.85
2025-06-09,SKU-1016,C-EAST,30,false,56.5
2025-06-16,SKU-1016,C-EAST,39,false,55.24
2025-06-23,SKU-1016,C-EAST,48,false,57.05
2025-06-30,SKU-1016,C-EAST,48,false,55.81
2025-07-07,SKU-1016,C-EAST,49,false,57.54
2025-07-14,SKU-1016,C-EAST,45,false,56.12
2025-07-21,SKU-1016,C-EAST,33,false,57.52
2025-07-28,SKU-1016,C-EAST,36,false,56.76
2025-08-04,SKU-1016,C-EAST,48,false,56.1
2025-08-11,SKU-1016,C-EAST,43,false,55.56
2025-08-18,SKU-1016,C-EAST,43,false,57.53
2025-08-25,SKU-1016,C-EAST,30,false,56.2
2025-09-01,SKU-1016,C-EAST,35,false,56.92
2025-09-08,SKU-1016,C-EAST,41,false,55.19
2025-09-15,SKU-1016,C-EAST,42,false,55.6
2025-09-22,SKU-1016,C-EAST,57,false,55.32
2025-09-29,SKU-1016,C-EAST,29,false,57.61
2025-10-06,SKU-1016,C-EAST,32,false,54.79
2025-10-13,SKU-1016,C-EAST,24,false,57.64
2025-10-20,SKU-1016,C-EAST,33,false,57.66
2025-10-27,SKU-1016,C-EAST,31,false,57.78
2025-11-03,SKU-1016,C-EAST,28,false,56.95
2025-11-10,SKU-1016,C-EAST,26,false,55.03
2025-11-17,SKU-1016,C-EAST,24,false,55.2
2025-11-24,SKU-1016,C-EAST,18,false,55.11
2025-12-01,SKU-1016,C-EAST,17,false,56.49
2025-12-08,SKU-1016,C-EAST,14,false,57.53
2025-12-15,SKU-1016,C-EAST,28,false,55.58
2025-12-22,SKU-1016,C-EAST,18,false,57.72
2025-12-29,SKU-1016,C-EAST,20,false,57.46
2026-01-05,SKU-1016,C-EAST,15,false,55.84
2026-01-12,SKU-1016,C-EAST,17,false,57.26
2026-01-19,SKU-1016,C-EAST,21,false,55.53
2026-01-26,SKU-1016,C-EAST,21,false,55.32
2026-02-02,SKU-1016,C-EAST,23,false,58.01
2026-02-09,SKU-1016,C-EAST,19,false,56.72
2026-02-16,SKU-1016,C-EAST,21,false,56.39
2026-02-23,SKU-1016,C-EAST,20,false,55.8
2026-03-02,SKU-1016,C-EAST,32,false,56.16
2026-03-09,SKU-1016,C-EAST,23,false,57.7
2026-03-16,SKU-1016,C-EAST,23,false,57.9
2026-03-23,SKU-1016,C-EAST,24,false,57.51
2026-03-30,SKU-1016,C-EAST,26,false,54.8
2026-04-06,SKU-1016,C-EAST,38,false,57.58
2026-04-13,SKU-1016,C-EAST,37,false,56.97
2026-04-20,SKU-1016,C-EAST,45,false,57.4
2026-04-27,SKU-1016,C-EAST,35,false,55.54
2026-05-04,SKU-1016,C-EAST,40,false,57.97
2026-05-11,SKU-1016,C-EAST,32,false,55.96
2024-11-18,SKU-1016,C-WEST,16,false,57.66
2024-11-25,SKU-1016,C-WEST,14,false,57.63
2024-12-02,SKU-1016,C-WEST,11,false,56.06
2024-12-09,SKU-1016,C-WEST,15,false,58.04
2024-12-16,SKU-1016,C-WEST,13,false,57.51
2024-12-23,SKU-1016,C-WEST,14,false,55.52
2024-12-30,SKU-1016,C-WEST,12,false,57.83
2025-01-06,SKU-1016,C-WEST,13,false,56.86
2025-01-13,SKU-1016,C-WEST,14,false,56.1
2025-01-20,SKU-1016,C-WEST,10,false,54.84
2025-01-27,SKU-1016,C-WEST,14,false,57.91
2025-02-03,SKU-1016,C-WEST,14,false,56.32
2025-02-10,SKU-1016,C-WEST,8,false,57.16
2025-02-17,SKU-1016,C-WEST,15,false,57.7
2025-02-24,SKU-1016,C-WEST,13,false,57.09
2025-03-03,SKU-1016,C-WEST,11,false,56.44
2025-03-10,SKU-1016,C-WEST,14,false,57.48
2025-03-17,SKU-1016,C-WEST,20,false,57.22
2025-03-24,SKU-1016,C-WEST,18,false,54.9
2025-03-31,SKU-1016,C-WEST,18,false,56.9
2025-04-07,SKU-1016,C-WEST,13,false,55.19
2025-04-14,SKU-1016,C-WEST,15,false,56.08
2025-04-21,SKU-1016,C-WEST,20,false,55.01
2025-04-28,SKU-1016,C-WEST,18,false,55.26
2025-05-05,SKU-1016,C-WEST,12,false,57.54
2025-05-12,SKU-1016,C-WEST,25,false,57.31
2025-05-19,SKU-1016,C-WEST,27,false,57.41
2025-05-26,SKU-1016,C-WEST,20,false,55.81
2025-06-02,SKU-1016,C-WEST,54,true,55.61
2025-06-09,SKU-1016,C-WEST,85,true,57.05
2025-06-16,SKU-1016,C-WEST,61,true,55.4
2025-06-23,SKU-1016,C-WEST,17,false,56.13
2025-06-30,SKU-1016,C-WEST,27,false,57.93
2025-07-07,SKU-1016,C-WEST,28,false,57.72
2025-07-14,SKU-1016,C-WEST,27,false,57.85
2025-07-21,SKU-1016,C-WEST,34,false,56.92
2025-07-28,SKU-1016,C-WEST,27,false,58.03
2025-08-04,SKU-1016,C-WEST,25,false,55.4
2025-08-11,SKU-1016,C-WEST,27,false,56.08
2025-08-18,SKU-1016,C-WEST,22,false,56.18
2025-08-25,SKU-1016,C-WEST,23,false,55.97
2025-09-01,SKU-1016,C-WEST,20,false,57.93
2025-09-08,SKU-1016,C-WEST,23,false,56.2
2025-09-15,SKU-1016,C-WEST,24,false,57.84
2025-09-22,SKU-1016,C-WEST,22,false,55.13
2025-09-29,SKU-1016,C-WEST,22,false,57.14
2025-10-06,SKU-1016,C-WEST,20,false,57.38
2025-10-13,SKU-1016,C-WEST,25,false,55.7
2025-10-20,SKU-1016,C-WEST,21,false,57.63
2025-10-27,SKU-1016,C-WEST,17,false,56.76
2025-11-03,SKU-1016,C-WEST,17,false,57.02
2025-11-10,SKU-1016,C-WEST,13,false,56.14
2025-11-17,SKU-1016,C-WEST,9,false,55.71
2025-11-24,SKU-1016,C-WEST,12,false,55.61
2025-12-01,SKU-1016,C-WEST,10,false,55.98
2025-12-08,SKU-1016,C-WEST,9,false,57.04
2025-12-15,SKU-1016,C-WEST,13,false,55.18
2025-12-22,SKU-1016,C-WEST,13,false,55.82
2025-12-29,SKU-1016,C-WEST,10,false,57.14
2026-01-05,SKU-1016,C-WEST,10,false,57.13
2026-01-12,SKU-1016,C-WEST,10,false,55.05
2026-01-19,SKU-1016,C-WEST,11,false,54.93
2026-01-26,SKU-1016,C-WEST,14,false,57.8
2026-02-02,SKU-1016,C-WEST,10,false,58.1
2026-02-09,SKU-1016,C-WEST,14,false,56.75
2026-02-16,SKU-1016,C-WEST,12,false,57.26
2026-02-23,SKU-1016,C-WEST,18,false,56.83
2026-03-02,SKU-1016,C-WEST,18,false,55.75
2026-03-09,SKU-1016,C-WEST,15,false,58.0
2026-03-16,SKU-1016,C-WEST,17,false,56.62
2026-03-23,SKU-1016,C-WEST,13,false,56.43
2026-03-30,SKU-1016,C-WEST,15,false,57.88
2026-04-06,SKU-1016,C-WEST,18,false,55.8
2026-04-13,SKU-1016,C-WEST,21,false,56.52
2026-04-20,SKU-1016,C-WEST,17,false,54.88
2026-04-27,SKU-1016,C-WEST,23,false,55.16
2026-05-04,SKU-1016,C-WEST,33,false,57.26
2026-05-11,SKU-1016,C-WEST,23,false,57.86
2026-01-12,SKU-1017,C-EAST,37,false,51.0
2026-01-19,SKU-1017,C-EAST,40,false,49.28
2026-01-26,SKU-1017,C-EAST,52,false,48.79
2026-02-02,SKU-1017,C-EAST,48,false,50.89
2026-02-09,SKU-1017,C-EAST,53,false,48.49
2026-02-16,SKU-1017,C-EAST,42,false,48.78
2026-02-23,SKU-1017,C-EAST,50,false,49.11
2026-03-02,SKU-1017,C-EAST,45,false,50.45
2026-03-09,SKU-1017,C-EAST,24,false,51.11
2026-03-16,SKU-1017,C-EAST,41,false,48.46
2026-03-23,SKU-1017,C-EAST,27,false,49.79
2026-03-30,SKU-1017,C-EAST,30,false,49.81
2026-04-06,SKU-1017,C-EAST,32,false,48.7
2026-04-13,SKU-1017,C-EAST,23,false,48.61
2026-04-20,SKU-1017,C-EAST,25,false,48.84
2026-04-27,SKU-1017,C-EAST,21,false,49.86
2026-05-04,SKU-1017,C-EAST,20,false,50.09
2026-05-11,SKU-1017,C-EAST,21,false,50.08
2026-01-12,SKU-1017,C-WEST,19,false,50.04
2026-01-19,SKU-1017,C-WEST,20,false,49.58
2026-01-26,SKU-1017,C-WEST,32,false,50.36
2026-02-02,SKU-1017,C-WEST,42,false,50.99
2026-02-09,SKU-1017,C-WEST,43,false,50.37
2026-02-16,SKU-1017,C-WEST,33,false,49.51
2026-02-23,SKU-1017,C-WEST,37,false,50.84
2026-03-02,SKU-1017,C-WEST,23,false,48.79
2026-03-09,SKU-1017,C-WEST,30,false,50.31
2026-03-16,SKU-1017,C-WEST,23,false,49.69
2026-03-23,SKU-1017,C-WEST,26,false,48.35
2026-03-30,SKU-1017,C-WEST,18,false,51.23
2026-04-06,SKU-1017,C-WEST,16,false,49.31
2026-04-13,SKU-1017,C-WEST,15,false,50.52
2026-04-20,SKU-1017,C-WEST,16,false,50.04
2026-04-27,SKU-1017,C-WEST,11,false,48.97
2026-05-04,SKU-1017,C-WEST,17,false,49.3
2026-05-11,SKU-1017,C-WEST,14,false,48.5
2024-11-18,SKU-3008,C-EAST,65,false,13.74
2024-11-25,SKU-3008,C-EAST,72,false,13.12
2024-12-02,SKU-3008,C-EAST,60,false,13.68
2024-12-09,SKU-3008,C-EAST,54,false,13.28
2024-12-16,SKU-3008,C-EAST,51,false,13.14
2024-12-23,SKU-3008,C-EAST,47,false,13.44
2024-12-30,SKU-3008,C-EAST,48,false,13.3
2025-01-06,SKU-3008,C-EAST,57,false,13.6
2025-01-13,SKU-3008,C-EAST,51,false,13.72
2025-01-20,SKU-3008,C-EAST,70,false,13.46
2025-01-27,SKU-3008,C-EAST,38,false,13.43
2025-02-03,SKU-3008,C-EAST,40,false,13.5
2025-02-10,SKU-3008,C-EAST,43,false,13.7
2025-02-17,SKU-3008,C-EAST,46,false,13.54
2025-02-24,SKU-3008,C-EAST,37,false,13.08
2025-03-03,SKU-3008,C-EAST,33,false,13.32
2025-03-10,SKU-3008,C-EAST,28,false,13.6
2025-03-17,SKU-3008,C-EAST,31,false,13.17
2025-03-24,SKU-3008,C-EAST,21,false,13.47
2025-03-31,SKU-3008,C-EAST,27,false,13.28
2025-04-07,SKU-3008,C-EAST,17,false,13.43
2025-04-14,SKU-3008,C-EAST,20,false,13.17
2025-04-21,SKU-3008,C-EAST,24,false,13.73
2025-04-28,SKU-3008,C-EAST,35,false,13.47
2025-05-05,SKU-3008,C-EAST,18,false,13.11
2025-05-12,SKU-3008,C-EAST,20,false,13.08
2025-05-19,SKU-3008,C-EAST,17,false,13.12
2025-05-26,SKU-3008,C-EAST,13,false,13.58
2025-06-02,SKU-3008,C-EAST,15,false,13.25
2025-06-09,SKU-3008,C-EAST,18,false,13.11
2025-06-16,SKU-3008,C-EAST,19,false,13.58
2025-06-23,SKU-3008,C-EAST,19,false,13.19
2025-06-30,SKU-3008,C-EAST,20,false,13.11
2025-07-07,SKU-3008,C-EAST,18,false,13.75
2025-07-14,SKU-3008,C-EAST,20,false,13.41
2025-07-21,SKU-3008,C-EAST,32,false,13.59
2025-07-28,SKU-3008,C-EAST,25,false,13.83
2025-08-04,SKU-3008,C-EAST,27,false,13.75
2025-08-11,SKU-3008,C-EAST,28,false,13.65
2025-08-18,SKU-3008,C-EAST,31,false,13.53
2025-08-25,SKU-3008,C-EAST,37,false,13.48
2025-09-01,SKU-3008,C-EAST,40,false,13.05
2025-09-08,SKU-3008,C-EAST,59,false,13.43
2025-09-15,SKU-3008,C-EAST,44,false,13.6
2025-09-22,SKU-3008,C-EAST,47,false,13.53
2025-09-29,SKU-3008,C-EAST,31,false,13.44
2025-10-06,SKU-3008,C-EAST,39,false,13.34
2025-10-13,SKU-3008,C-EAST,43,false,13.59
2025-10-20,SKU-3008,C-EAST,57,false,13.29
2025-10-27,SKU-3008,C-EAST,48,false,13.15
2025-11-03,SKU-3008,C-EAST,51,false,13.06
2025-11-10,SKU-3008,C-EAST,50,false,13.83
2025-11-17,SKU-3008,C-EAST,50,false,13.57
2025-11-24,SKU-3008,C-EAST,51,false,13.57
2025-12-01,SKU-3008,C-EAST,55,false,13.68
2025-12-08,SKU-3008,C-EAST,61,false,13.2
2025-12-15,SKU-3008,C-EAST,56,false,13.43
2025-12-22,SKU-3008,C-EAST,48,false,13.06
2025-12-29,SKU-3008,C-EAST,54,false,13.61
2026-01-05,SKU-3008,C-EAST,62,false,13.82
2026-01-12,SKU-3008,C-EAST,46,false,13.52
2026-01-19,SKU-3008,C-EAST,53,false,13.21
2026-01-26,SKU-3008,C-EAST,37,false,13.09
2026-02-02,SKU-3008,C-EAST,37,false,13.05
2026-02-09,SKU-3008,C-EAST,39,false,13.84
2026-02-16,SKU-3008,C-EAST,37,false,13.73
2026-02-23,SKU-3008,C-EAST,36,false,13.49
2026-03-02,SKU-3008,C-EAST,33,false,13.28
2026-03-09,SKU-3008,C-EAST,27,false,13.52
2026-03-16,SKU-3008,C-EAST,24,false,13.54
2026-03-23,SKU-3008,C-EAST,26,false,13.44
2026-03-30,SKU-3008,C-EAST,24,false,13.62
2026-04-06,SKU-3008,C-EAST,23,false,13.3
2026-04-13,SKU-3008,C-EAST,22,false,13.1
2026-04-20,SKU-3008,C-EAST,25,false,13.43
2026-04-27,SKU-3008,C-EAST,16,false,13.45
2026-05-04,SKU-3008,C-EAST,16,false,13.61
2026-05-11,SKU-3008,C-EAST,14,false,13.06
2024-11-18,SKU-3008,C-WEST,36,false,13.32
2024-11-25,SKU-3008,C-WEST,39,false,13.23
2024-12-02,SKU-3008,C-WEST,40,false,13.32
2024-12-09,SKU-3008,C-WEST,48,false,13.53
2024-12-16,SKU-3008,C-WEST,38,false,13.15
2024-12-23,SKU-3008,C-WEST,28,false,13.28
2024-12-30,SKU-3008,C-WEST,86,true,13.72
2025-01-06,SKU-3008,C-WEST,24,false,13.59
2025-01-13,SKU-3008,C-WEST,31,false,13.69
2025-01-20,SKU-3008,C-WEST,32,false,13.73
2025-01-27,SKU-3008,C-WEST,22,false,13.65
2025-02-03,SKU-3008,C-WEST,27,false,13.58
2025-02-10,SKU-3008,C-WEST,24,false,13.54
2025-02-17,SKU-3008,C-WEST,24,false,13.13
2025-02-24,SKU-3008,C-WEST,16,false,13.29
2025-03-03,SKU-3008,C-WEST,26,false,13.22
2025-03-10,SKU-3008,C-WEST,21,false,13.76
2025-03-17,SKU-3008,C-WEST,18,false,13.33
2025-03-24,SKU-3008,C-WEST,15,false,13.77
2025-03-31,SKU-3008,C-WEST,17,false,13.07
2025-04-07,SKU-3008,C-WEST,17,false,13.54
2025-04-14,SKU-3008,C-WEST,13,false,13.14
2025-04-21,SKU-3008,C-WEST,11,false,13.32
2025-04-28,SKU-3008,C-WEST,14,false,13.33
2025-05-05,SKU-3008,C-WEST,14,false,13.26
2025-05-12,SKU-3008,C-WEST,11,false,13.17
2025-05-19,SKU-3008,C-WEST,10,false,13.59
2025-05-26,SKU-3008,C-WEST,11,false,13.62
2025-06-02,SKU-3008,C-WEST,10,false,13.42
2025-06-09,SKU-3008,C-WEST,9,false,13.73
2025-06-16,SKU-3008,C-WEST,11,false,13.54
2025-06-23,SKU-3008,C-WEST,11,false,13.68
2025-06-30,SKU-3008,C-WEST,15,false,13.08
2025-07-07,SKU-3008,C-WEST,13,false,13.13
2025-07-14,SKU-3008,C-WEST,15,false,13.78
2025-07-21,SKU-3008,C-WEST,15,false,13.17
2025-07-28,SKU-3008,C-WEST,17,false,13.45
2025-08-04,SKU-3008,C-WEST,19,false,13.64
2025-08-11,SKU-3008,C-WEST,21,false,13.32
2025-08-18,SKU-3008,C-WEST,19,false,13.16
2025-08-25,SKU-3008,C-WEST,21,false,13.38
2025-09-01,SKU-3008,C-WEST,21,false,13.67
2025-09-08,SKU-3008,C-WEST,29,false,13.32
2025-09-15,SKU-3008,C-WEST,32,false,13.45
2025-09-22,SKU-3008,C-WEST,28,false,13.66
2025-09-29,SKU-3008,C-WEST,33,false,13.34
2025-10-06,SKU-3008,C-WEST,35,false,13.65
2025-10-13,SKU-3008,C-WEST,30,false,13.39
2025-10-20,SKU-3008,C-WEST,33,false,13.38
2025-10-27,SKU-3008,C-WEST,36,false,13.38
2025-11-03,SKU-3008,C-WEST,21,false,13.69
2025-11-10,SKU-3008,C-WEST,32,false,13.34
2025-11-17,SKU-3008,C-WEST,36,false,13.05
2025-11-24,SKU-3008,C-WEST,32,false,13.7
2025-12-01,SKU-3008,C-WEST,39,false,13.3
2025-12-08,SKU-3008,C-WEST,38,false,13.84
2025-12-15,SKU-3008,C-WEST,34,false,13.66
2025-12-22,SKU-3008,C-WEST,35,false,13.58
2025-12-29,SKU-3008,C-WEST,25,false,13.09
2026-01-05,SKU-3008,C-WEST,28,false,13.56
2026-01-12,SKU-3008,C-WEST,36,false,13.47
2026-01-19,SKU-3008,C-WEST,21,false,13.29
2026-01-26,SKU-3008,C-WEST,23,false,13.49
2026-02-02,SKU-3008,C-WEST,30,false,13.29
2026-02-09,SKU-3008,C-WEST,29,false,13.05
2026-02-16,SKU-3008,C-WEST,21,false,13.27
2026-02-23,SKU-3008,C-WEST,18,false,13.61
2026-03-02,SKU-3008,C-WEST,20,false,13.41
2026-03-09,SKU-3008,C-WEST,17,false,13.68
2026-03-16,SKU-3008,C-WEST,18,false,13.57
2026-03-23,SKU-3008,C-WEST,15,false,13.68
2026-03-30,SKU-3008,C-WEST,14,false,13.37
2026-04-06,SKU-3008,C-WEST,12,false,13.08
2026-04-13,SKU-3008,C-WEST,15,false,13.32
2026-04-20,SKU-3008,C-WEST,15,false,13.15
2026-04-27,SKU-3008,C-WEST,11,false,13.85
2026-05-04,SKU-3008,C-WEST,13,false,13.49
2026-05-11,SKU-3008,C-WEST,12,false,13.47
2024-11-18,SKU-1019,C-EAST,95,false,18.62
2024-11-25,SKU-1019,C-EAST,97,false,18.57
2024-12-02,SKU-1019,C-EAST,102,false,17.84
2024-12-09,SKU-1019,C-EAST,95,false,18.18
2024-12-16,SKU-1019,C-EAST,81,false,17.82
2024-12-23,SKU-1019,C-EAST,89,false,18.49
2024-12-30,SKU-1019,C-EAST,101,false,18.58
2025-01-06,SKU-1019,C-EAST,94,false,18.27
2025-01-13,SKU-1019,C-EAST,87,false,18.86
2025-01-20,SKU-1019,C-EAST,109,false,18.39
2025-01-27,SKU-1019,C-EAST,88,false,18.36
2025-02-03,SKU-1019,C-EAST,61,false,18.43
2025-02-10,SKU-1019,C-EAST,84,false,18.63
2025-02-17,SKU-1019,C-EAST,77,false,18.56
2025-02-24,SKU-1019,C-EAST,66,false,18.34
2025-03-03,SKU-1019,C-EAST,47,false,18.04
2025-03-10,SKU-1019,C-EAST,48,false,18.67
2025-03-17,SKU-1019,C-EAST,55,false,18.17
2025-03-24,SKU-1019,C-EAST,44,false,18.68
2025-03-31,SKU-1019,C-EAST,49,false,17.86
2025-04-07,SKU-1019,C-EAST,40,false,18.29
2025-04-14,SKU-1019,C-EAST,31,false,18.26
2025-04-21,SKU-1019,C-EAST,32,false,18.42
2025-04-28,SKU-1019,C-EAST,58,false,18.34
2025-05-05,SKU-1019,C-EAST,29,false,18.32
2025-05-12,SKU-1019,C-EAST,33,false,18.24
2025-05-19,SKU-1019,C-EAST,22,false,18.31
2025-05-26,SKU-1019,C-EAST,21,false,18.84
2025-06-02,SKU-1019,C-EAST,28,false,17.91
2025-06-09,SKU-1019,C-EAST,30,false,18.55
2025-06-16,SKU-1019,C-EAST,37,false,18.72
2025-06-23,SKU-1019,C-EAST,35,false,17.9
2025-06-30,SKU-1019,C-EAST,33,false,18.59
2025-07-07,SKU-1019,C-EAST,29,false,18.81
2025-07-14,SKU-1019,C-EAST,30,false,18.43
2025-07-21,SKU-1019,C-EAST,55,false,18.22
2025-07-28,SKU-1019,C-EAST,46,false,17.81
2025-08-04,SKU-1019,C-EAST,50,false,17.94
2025-08-11,SKU-1019,C-EAST,38,false,18.1
2025-08-18,SKU-1019,C-EAST,56,false,18.3
2025-08-25,SKU-1019,C-EAST,60,false,18.42
2025-09-01,SKU-1019,C-EAST,68,false,17.82
2025-09-08,SKU-1019,C-EAST,112,false,18.01
2025-09-15,SKU-1019,C-EAST,65,false,18.67
2025-09-22,SKU-1019,C-EAST,64,false,18.15
2025-09-29,SKU-1019,C-EAST,63,false,18.73
2025-10-06,SKU-1019,C-EAST,75,false,18.39
2025-10-13,SKU-1019,C-EAST,93,false,18.76
2025-10-20,SKU-1019,C-EAST,102,false,18.56
2025-10-27,SKU-1019,C-EAST,81,false,18.44
2025-11-03,SKU-1019,C-EAST,82,false,18.28
2025-11-10,SKU-1019,C-EAST,75,false,18.26
2025-11-17,SKU-1019,C-EAST,68,false,18.13
2025-11-24,SKU-1019,C-EAST,94,false,18.65
2025-12-01,SKU-1019,C-EAST,103,false,18.03
2025-12-08,SKU-1019,C-EAST,91,false,18.21
2025-12-15,SKU-1019,C-EAST,81,false,18.75
2025-12-22,SKU-1019,C-EAST,67,false,18.58
2025-12-29,SKU-1019,C-EAST,81,false,18.55
2026-01-05,SKU-1019,C-EAST,90,false,18.4
2026-01-12,SKU-1019,C-EAST,100,false,18.39
2026-01-19,SKU-1019,C-EAST,78,false,17.91
2026-01-26,SKU-1019,C-EAST,72,false,18.45
2026-02-02,SKU-1019,C-EAST,65,false,18.4
2026-02-09,SKU-1019,C-EAST,79,false,17.98
2026-02-16,SKU-1019,C-EAST,74,false,18.29
2026-02-23,SKU-1019,C-EAST,63,false,18.8
2026-03-02,SKU-1019,C-EAST,62,false,17.97
2026-03-09,SKU-1019,C-EAST,56,false,18.04
2026-03-16,SKU-1019,C-EAST,38,false,18.55
2026-03-23,SKU-1019,C-EAST,50,false,18.66
2026-03-30,SKU-1019,C-EAST,45,false,18.44
2026-04-06,SKU-1019,C-EAST,43,false,18.72
2026-04-13,SKU-1019,C-EAST,39,false,17.8
2026-04-20,SKU-1019,C-EAST,37,false,18.72
2026-04-27,SKU-1019,C-EAST,29,false,18.12
2026-05-04,SKU-1019,C-EAST,24,false,17.88
2026-05-11,SKU-1019,C-EAST,24,false,17.96
2024-11-18,SKU-1019,C-WEST,64,false,17.87
2024-11-25,SKU-1019,C-WEST,64,false,18.11
2024-12-02,SKU-1019,C-WEST,62,false,18.45
2024-12-09,SKU-1019,C-WEST,68,false,18.13
2024-12-16,SKU-1019,C-WEST,59,false,18.2
2024-12-23,SKU-1019,C-WEST,51,false,18.12
2024-12-30,SKU-1019,C-WEST,55,false,18.18
2025-01-06,SKU-1019,C-WEST,55,false,18.68
2025-01-13,SKU-1019,C-WEST,54,false,18.6
2025-01-20,SKU-1019,C-WEST,69,false,18.41
2025-01-27,SKU-1019,C-WEST,32,false,18.19
2025-02-03,SKU-1019,C-WEST,47,false,17.9
2025-02-10,SKU-1019,C-WEST,40,false,18.22
2025-02-17,SKU-1019,C-WEST,38,false,18.3
2025-02-24,SKU-1019,C-WEST,35,false,18.74
2025-03-03,SKU-1019,C-WEST,38,false,18.07
2025-03-10,SKU-1019,C-WEST,38,false,18.04
2025-03-17,SKU-1019,C-WEST,29,false,18.38
2025-03-24,SKU-1019,C-WEST,22,false,18.22
2025-03-31,SKU-1019,C-WEST,22,false,17.86
2025-04-07,SKU-1019,C-WEST,24,false,18.83
2025-04-14,SKU-1019,C-WEST,20,false,18.18
2025-04-21,SKU-1019,C-WEST,19,false,18.36
2025-04-28,SKU-1019,C-WEST,21,false,18.24
2025-05-05,SKU-1019,C-WEST,21,false,17.77
2025-05-12,SKU-1019,C-WEST,16,false,18.28
2025-05-19,SKU-1019,C-WEST,18,false,18.84
2025-05-26,SKU-1019,C-WEST,20,false,17.77
2025-06-02,SKU-1019,C-WEST,16,false,18.43
2025-06-09,SKU-1019,C-WEST,14,false,18.69
2025-06-16,SKU-1019,C-WEST,16,false,18.47
2025-06-23,SKU-1019,C-WEST,18,false,18.41
2025-06-30,SKU-1019,C-WEST,20,false,18.58
2025-07-07,SKU-1019,C-WEST,22,false,18.39
2025-07-14,SKU-1019,C-WEST,28,false,17.91
2025-07-21,SKU-1019,C-WEST,31,false,17.92
2025-07-28,SKU-1019,C-WEST,27,false,18.25
2025-08-04,SKU-1019,C-WEST,27,false,18.44
2025-08-11,SKU-1019,C-WEST,32,false,18.52
2025-08-18,SKU-1019,C-WEST,27,false,18.15
2025-08-25,SKU-1019,C-WEST,32,false,18.27
2025-09-01,SKU-1019,C-WEST,42,false,18.04
2025-09-08,SKU-1019,C-WEST,52,false,18.28
2025-09-15,SKU-1019,C-WEST,45,false,18.43
2025-09-22,SKU-1019,C-WEST,47,false,18.48
2025-09-29,SKU-1019,C-WEST,54,false,17.77
2025-10-06,SKU-1019,C-WEST,52,false,18.51
2025-10-13,SKU-1019,C-WEST,53,false,18.22
2025-10-20,SKU-1019,C-WEST,57,false,18.61
2025-10-27,SKU-1019,C-WEST,46,false,18.36
2025-11-03,SKU-1019,C-WEST,41,false,17.86
2025-11-10,SKU-1019,C-WEST,44,false,17.8
2025-11-17,SKU-1019,C-WEST,60,false,18.51
2025-11-24,SKU-1019,C-WEST,46,false,18.16
2025-12-01,SKU-1019,C-WEST,66,false,18.16
2025-12-08,SKU-1019,C-WEST,58,false,17.97
2025-12-15,SKU-1019,C-WEST,56,false,17.78
2025-12-22,SKU-1019,C-WEST,50,false,18.28
2025-12-29,SKU-1019,C-WEST,51,false,18.01
2026-01-05,SKU-1019,C-WEST,53,false,17.79
2026-01-12,SKU-1019,C-WEST,62,false,18.16
2026-01-19,SKU-1019,C-WEST,45,false,17.87
2026-01-26,SKU-1019,C-WEST,40,false,18.56
2026-02-02,SKU-1019,C-WEST,44,false,18.03
2026-02-09,SKU-1019,C-WEST,46,false,18.08
2026-02-16,SKU-1019,C-WEST,46,false,18.76
2026-02-23,SKU-1019,C-WEST,37,false,17.99
2026-03-02,SKU-1019,C-WEST,32,false,18.67
2026-03-09,SKU-1019,C-WEST,23,false,18.4
2026-03-16,SKU-1019,C-WEST,29,false,18.31
2026-03-23,SKU-1019,C-WEST,23,false,18.39
2026-03-30,SKU-1019,C-WEST,27,false,18.52
2026-04-06,SKU-1019,C-WEST,19,false,17.91
2026-04-13,SKU-1019,C-WEST,23,false,17.84
2026-04-20,SKU-1019,C-WEST,26,false,18.02
2026-04-27,SKU-1019,C-WEST,25,false,18.35
2026-05-04,SKU-1019,C-WEST,22,false,18.52
2026-05-11,SKU-1019,C-WEST,17,false,18.86
2024-11-18,SKU-1020,C-EAST,75,false,45.71
2024-11-25,SKU-1020,C-EAST,100,false,46.54
2024-12-02,SKU-1020,C-EAST,111,false,45.15
2024-12-09,SKU-1020,C-EAST,96,false,46.68
2024-12-16,SKU-1020,C-EAST,80,false,45.24
2024-12-23,SKU-1020,C-EAST,100,false,44.95
2024-12-30,SKU-1020,C-EAST,92,false,44.58
2025-01-06,SKU-1020,C-EAST,69,false,44.73
2025-01-13,SKU-1020,C-EAST,67,false,43.98
2025-01-20,SKU-1020,C-EAST,108,false,44.5
2025-01-27,SKU-1020,C-EAST,84,false,44.04
2025-02-03,SKU-1020,C-EAST,66,false,45.98
2025-02-10,SKU-1020,C-EAST,88,false,44.17
2025-02-17,SKU-1020,C-EAST,68,false,44.65
2025-02-24,SKU-1020,C-EAST,68,false,45.67
2025-03-03,SKU-1020,C-EAST,53,false,44.23
2025-03-10,SKU-1020,C-EAST,40,false,45.58
2025-03-17,SKU-1020,C-EAST,49,false,45.67
2025-03-24,SKU-1020,C-EAST,37,false,44.26
2025-03-31,SKU-1020,C-EAST,46,false,44.62
2025-04-07,SKU-1020,C-EAST,33,false,44.88
2025-04-14,SKU-1020,C-EAST,29,false,46.13
2025-04-21,SKU-1020,C-EAST,37,false,45.66
2025-04-28,SKU-1020,C-EAST,48,false,46.05
2025-05-05,SKU-1020,C-EAST,27,false,44.2
2025-05-12,SKU-1020,C-EAST,28,false,44.14
2025-05-19,SKU-1020,C-EAST,27,false,46.28
2025-05-26,SKU-1020,C-EAST,20,false,44.15
2025-06-02,SKU-1020,C-EAST,30,false,45.17
2025-06-09,SKU-1020,C-EAST,34,false,44.79
2025-06-16,SKU-1020,C-EAST,32,false,45.81
2025-06-23,SKU-1020,C-EAST,30,false,45.49
2025-06-30,SKU-1020,C-EAST,30,false,44.23
2025-07-07,SKU-1020,C-EAST,29,false,46.02
2025-07-14,SKU-1020,C-EAST,33,false,45.76
2025-07-21,SKU-1020,C-EAST,51,false,44.0
2025-07-28,SKU-1020,C-EAST,37,false,46.36
2025-08-04,SKU-1020,C-EAST,50,false,45.65
2025-08-11,SKU-1020,C-EAST,38,false,46.1
2025-08-18,SKU-1020,C-EAST,54,false,45.21
2025-08-25,SKU-1020,C-EAST,55,false,44.25
2025-09-01,SKU-1020,C-EAST,70,false,45.59
2025-09-08,SKU-1020,C-EAST,106,false,44.5
2025-09-15,SKU-1020,C-EAST,72,false,45.53
2025-09-22,SKU-1020,C-EAST,61,false,45.12
2025-09-29,SKU-1020,C-EAST,58,false,45.94
2025-10-06,SKU-1020,C-EAST,73,false,46.14
2025-10-13,SKU-1020,C-EAST,86,false,44.13
2025-10-20,SKU-1020,C-EAST,91,false,46.58
2025-10-27,SKU-1020,C-EAST,91,false,46.02
2025-11-03,SKU-1020,C-EAST,72,false,46.08
2025-11-10,SKU-1020,C-EAST,92,false,44.37
2025-11-17,SKU-1020,C-EAST,74,false,44.97
2025-11-24,SKU-1020,C-EAST,92,false,43.99
2025-12-01,SKU-1020,C-EAST,89,false,44.13
2025-12-08,SKU-1020,C-EAST,86,false,45.35
2025-12-15,SKU-1020,C-EAST,101,false,45.12
2025-12-22,SKU-1020,C-EAST,58,false,44.5
2025-12-29,SKU-1020,C-EAST,89,false,46.11
2026-01-05,SKU-1020,C-EAST,113,false,44.9
2026-01-12,SKU-1020,C-EAST,84,false,46.64
2026-01-19,SKU-1020,C-EAST,72,false,45.6
2026-01-26,SKU-1020,C-EAST,67,false,46.59
2026-02-02,SKU-1020,C-EAST,70,false,45.65
2026-02-09,SKU-1020,C-EAST,66,false,45.21
2026-02-16,SKU-1020,C-EAST,69,false,46.12
2026-02-23,SKU-1020,C-EAST,61,false,43.98
2026-03-02,SKU-1020,C-EAST,61,false,44.58
2026-03-09,SKU-1020,C-EAST,49,false,44.62
2026-03-16,SKU-1020,C-EAST,41,false,45.97
2026-03-23,SKU-1020,C-EAST,48,false,45.98
2026-03-30,SKU-1020,C-EAST,44,false,44.53
2026-04-06,SKU-1020,C-EAST,45,false,44.96
2026-04-13,SKU-1020,C-EAST,45,false,44.17
2026-04-20,SKU-1020,C-EAST,39,false,44.76
2026-04-27,SKU-1020,C-EAST,27,false,44.5
2026-05-04,SKU-1020,C-EAST,21,false,44.09
2026-05-11,SKU-1020,C-EAST,21,false,44.05
2024-11-18,SKU-1020,C-WEST,60,false,46.38
2024-11-25,SKU-1020,C-WEST,62,false,45.93
2024-12-02,SKU-1020,C-WEST,57,false,44.46
2024-12-09,SKU-1020,C-WEST,69,false,44.03
2024-12-16,SKU-1020,C-WEST,61,false,44.03
2024-12-23,SKU-1020,C-WEST,41,false,45.81
2024-12-30,SKU-1020,C-WEST,49,false,44.27
2025-01-06,SKU-1020,C-WEST,56,false,46.52
2025-01-13,SKU-1020,C-WEST,49,false,46.17
2025-01-20,SKU-1020,C-WEST,66,false,45.77
2025-01-27,SKU-1020,C-WEST,44,false,46.68
2025-02-03,SKU-1020,C-WEST,84,true,40.15
2025-02-10,SKU-1020,C-WEST,76,true,36.14
2025-02-17,SKU-1020,C-WEST,72,true,40.38
2025-02-24,SKU-1020,C-WEST,74,true,37.41
2025-03-03,SKU-1020,C-WEST,33,false,44.99
2025-03-10,SKU-1020,C-WEST,27,false,44.64
2025-03-17,SKU-1020,C-WEST,25,false,44.1
2025-03-24,SKU-1020,C-WEST,21,false,45.43
2025-03-31,SKU-1020,C-WEST,22,false,46.12
2025-04-07,SKU-1020,C-WEST,24,false,46.13
2025-04-14,SKU-1020,C-WEST,20,false,46.34
2025-04-21,SKU-1020,C-WEST,19,false,46.38
2025-04-28,SKU-1020,C-WEST,17,false,44.54
2025-05-05,SKU-1020,C-WEST,20,false,45.77
2025-05-12,SKU-1020,C-WEST,17,false,44.15
2025-05-19,SKU-1020,C-WEST,14,false,45.72
2025-05-26,SKU-1020,C-WEST,20,false,45.35
2025-06-02,SKU-1020,C-WEST,13,false,44.85
2025-06-09,SKU-1020,C-WEST,14,false,44.99
2025-06-16,SKU-1020,C-WEST,16,false,45.32
2025-06-23,SKU-1020,C-WEST,14,false,44.7
2025-06-30,SKU-1020,C-WEST,16,false,45.56
2025-07-07,SKU-1020,C-WEST,24,false,44.07
2025-07-14,SKU-1020,C-WEST,27,false,46.32
2025-07-21,SKU-1020,C-WEST,29,false,45.05
2025-07-28,SKU-1020,C-WEST,26,false,45.52
2025-08-04,SKU-1020,C-WEST,31,false,46.51
2025-08-11,SKU-1020,C-WEST,27,false,44.34
2025-08-18,SKU-1020,C-WEST,29,false,44.2
2025-08-25,SKU-1020,C-WEST,29,false,45.56
2025-09-01,SKU-1020,C-WEST,37,false,45.24
2025-09-08,SKU-1020,C-WEST,43,false,45.24
2025-09-15,SKU-1020,C-WEST,40,false,45.08
2025-09-22,SKU-1020,C-WEST,42,false,45.01
2025-09-29,SKU-1020,C-WEST,47,false,44.46
2025-10-06,SKU-1020,C-WEST,59,false,44.95
2025-10-13,SKU-1020,C-WEST,56,false,44.19
2025-10-20,SKU-1020,C-WEST,54,false,45.72
2025-10-27,SKU-1020,C-WEST,44,false,46.11
2025-11-03,SKU-1020,C-WEST,41,false,44.16
2025-11-10,SKU-1020,C-WEST,47,false,44.07
2025-11-17,SKU-1020,C-WEST,55,false,44.87
2025-11-24,SKU-1020,C-WEST,52,false,44.79
2025-12-01,SKU-1020,C-WEST,63,false,44.72
2025-12-08,SKU-1020,C-WEST,55,false,45.89
2025-12-15,SKU-1020,C-WEST,70,false,46.02
2025-12-22,SKU-1020,C-WEST,53,false,45.98
2025-12-29,SKU-1020,C-WEST,46,false,44.78
2026-01-05,SKU-1020,C-WEST,52,false,46.21
2026-01-12,SKU-1020,C-WEST,62,false,45.07
2026-01-19,SKU-1020,C-WEST,35,false,45.55
2026-01-26,SKU-1020,C-WEST,38,false,45.36
2026-02-02,SKU-1020,C-WEST,40,false,46.04
2026-02-09,SKU-1020,C-WEST,49,false,44.59
2026-02-16,SKU-1020,C-WEST,47,false,46.01
2026-02-23,SKU-1020,C-WEST,33,false,46.11
2026-03-02,SKU-1020,C-WEST,33,false,46.03
2026-03-09,SKU-1020,C-WEST,25,false,46.12
2026-03-16,SKU-1020,C-WEST,23,false,44.82
2026-03-23,SKU-1020,C-WEST,26,false,45.87
2026-03-30,SKU-1020,C-WEST,31,false,44.54
2026-04-06,SKU-1020,C-WEST,17,false,44.99
2026-04-13,SKU-1020,C-WEST,23,false,45.54
2026-04-20,SKU-1020,C-WEST,28,false,44.0
2026-04-27,SKU-1020,C-WEST,25,false,46.17
2026-05-04,SKU-1020,C-WEST,21,false,45.11
2026-05-11,SKU-1020,C-WEST,16,false,45.84
2026-01-12,SKU-1021,C-EAST,25,false,22.63
2026-01-19,SKU-1021,C-EAST,30,false,21.61
2026-01-26,SKU-1021,C-EAST,101,true,18.88
2026-02-02,SKU-1021,C-EAST,106,true,18.81
2026-02-09,SKU-1021,C-EAST,108,true,19.81
2026-02-16,SKU-1021,C-EAST,89,true,17.76
2026-02-23,SKU-1021,C-EAST,36,false,21.66
2026-03-02,SKU-1021,C-EAST,46,false,21.55
2026-03-09,SKU-1021,C-EAST,38,false,22.59
2026-03-16,SKU-1021,C-EAST,39,false,21.53
2026-03-23,SKU-1021,C-EAST,41,false,21.45
2026-03-30,SKU-1021,C-EAST,34,false,22.32
2026-04-06,SKU-1021,C-EAST,29,false,21.5
2026-04-13,SKU-1021,C-EAST,34,false,22.68
2026-04-20,SKU-1021,C-EAST,31,false,22.28
2026-04-27,SKU-1021,C-EAST,33,false,21.5
2026-05-04,SKU-1021,C-EAST,32,false,21.64
2026-05-11,SKU-1021,C-EAST,27,false,22.55
2026-01-12,SKU-1021,C-WEST,13,false,21.55
2026-01-19,SKU-1021,C-WEST,16,false,22.12
2026-01-26,SKU-1021,C-WEST,31,true,22.67
2026-02-02,SKU-1021,C-WEST,37,true,22.55
2026-02-09,SKU-1021,C-WEST,24,false,21.98
2026-02-16,SKU-1021,C-WEST,23,false,22.35
2026-02-23,SKU-1021,C-WEST,19,false,22.65
2026-03-02,SKU-1021,C-WEST,20,false,22.19
2026-03-09,SKU-1021,C-WEST,17,false,21.77
2026-03-16,SKU-1021,C-WEST,15,false,21.42
2026-03-23,SKU-1021,C-WEST,14,false,21.94
2026-03-30,SKU-1021,C-WEST,15,false,22.48
2026-04-06,SKU-1021,C-WEST,10,false,22.57
2026-04-13,SKU-1021,C-WEST,15,false,22.02
2026-04-20,SKU-1021,C-WEST,11,false,21.79
2026-04-27,SKU-1021,C-WEST,12,false,22.57
2026-05-04,SKU-1021,C-WEST,10,false,22.35
2026-05-11,SKU-1021,C-WEST,11,false,21.8
2026-01-12,SKU-1022,C-EAST,29,false,24.57
2026-01-19,SKU-1022,C-EAST,36,false,25.24
2026-01-26,SKU-1022,C-EAST,48,false,24.47
2026-02-02,SKU-1022,C-EAST,58,false,25.29
2026-02-09,SKU-1022,C-EAST,63,false,24.3
2026-02-16,SKU-1022,C-EAST,75,false,24.82
2026-02-23,SKU-1022,C-EAST,44,false,24.92
2026-03-02,SKU-1022,C-EAST,52,false,24.96
2026-03-09,SKU-1022,C-EAST,40,false,25.36
2026-03-16,SKU-1022,C-EAST,38,false,24.71
2026-03-23,SKU-1022,C-EAST,39,false,24.05
2026-03-30,SKU-1022,C-EAST,35,false,25.02
2026-04-06,SKU-1022,C-EAST,52,false,24.26
2026-04-13,SKU-1022,C-EAST,36,false,24.64
2026-04-20,SKU-1022,C-EAST,31,false,24.92
2026-04-27,SKU-1022,C-EAST,26,false,25.0
2026-05-04,SKU-1022,C-EAST,24,false,25.16
2026-05-11,SKU-1022,C-EAST,26,false,24.48
2026-01-12,SKU-1022,C-WEST,20,false,25.25
2026-01-19,SKU-1022,C-WEST,24,false,24.37
2026-01-26,SKU-1022,C-WEST,27,false,23.99
2026-02-02,SKU-1022,C-WEST,26,false,24.7
2026-02-09,SKU-1022,C-WEST,45,false,24.1
2026-02-16,SKU-1022,C-WEST,42,false,25.1
2026-02-23,SKU-1022,C-WEST,34,false,23.92
2026-03-02,SKU-1022,C-WEST,30,false,24.04
2026-03-09,SKU-1022,C-WEST,31,false,24.47
2026-03-16,SKU-1022,C-WEST,34,false,24.01
2026-03-23,SKU-1022,C-WEST,28,false,24.12
2026-03-30,SKU-1022,C-WEST,20,false,24.42
2026-04-06,SKU-1022,C-WEST,22,false,24.89
2026-04-13,SKU-1022,C-WEST,18,false,24.21
2026-04-20,SKU-1022,C-WEST,14,false,25.09
2026-04-27,SKU-1022,C-WEST,16,false,24.84
2026-05-04,SKU-1022,C-WEST,22,false,24.47
2026-05-11,SKU-1022,C-WEST,15,false,24.35
2025-12-15,SKU-1023,C-EAST,26,false,19.9
2025-12-22,SKU-1023,C-EAST,22,false,19.72
2025-12-29,SKU-1023,C-EAST,25,false,20.02
2026-01-05,SKU-1023,C-EAST,61,false,19.85
2026-01-12,SKU-1023,C-EAST,55,false,20.68
2026-01-19,SKU-1023,C-EAST,48,false,20.58
2026-01-26,SKU-1023,C-EAST,98,true,19.82
2026-02-02,SKU-1023,C-EAST,78,true,20.12
2026-02-09,SKU-1023,C-EAST,100,true,20.3
2026-02-16,SKU-1023,C-EAST,46,false,19.84
2026-02-23,SKU-1023,C-EAST,38,false,20.75
2026-03-02,SKU-1023,C-EAST,44,false,19.76
2026-03-09,SKU-1023,C-EAST,31,false,19.82
2026-03-16,SKU-1023,C-EAST,25,false,20.1
2026-03-23,SKU-1023,C-EAST,27,false,20.17
2026-03-30,SKU-1023,C-EAST,32,false,19.69
2026-04-06,SKU-1023,C-EAST,28,false,20.06
2026-04-13,SKU-1023,C-EAST,19,false,19.7
2026-04-20,SKU-1023,C-EAST,24,false,20.34
2026-04-27,SKU-1023,C-EAST,19,false,20.81
2026-05-04,SKU-1023,C-EAST,16,false,20.82
2026-05-11,SKU-1023,C-EAST,15,false,20.65
2025-12-15,SKU-1023,C-WEST,15,false,20.34
2025-12-22,SKU-1023,C-WEST,23,false,20.8
2025-12-29,SKU-1023,C-WEST,19,false,20.79
2026-01-05,SKU-1023,C-WEST,23,false,20.46
2026-01-12,SKU-1023,C-WEST,35,false,20.69
2026-01-19,SKU-1023,C-WEST,27,false,20.0
2026-01-26,SKU-1023,C-WEST,71,true,20.02
2026-02-02,SKU-1023,C-WEST,64,true,20.35
2026-02-09,SKU-1023,C-WEST,70,true,20.39
2026-02-16,SKU-1023,C-WEST,26,false,19.9
2026-02-23,SKU-1023,C-WEST,16,false,19.9
2026-03-02,SKU-1023,C-WEST,16,false,20.36
2026-03-09,SKU-1023,C-WEST,17,false,20.51
2026-03-16,SKU-1023,C-WEST,15,false,20.53
2026-03-23,SKU-1023,C-WEST,15,false,20.07
2026-03-30,SKU-1023,C-WEST,16,false,19.97
2026-04-06,SKU-1023,C-WEST,12,false,19.66
2026-04-13,SKU-1023,C-WEST,15,false,20.73
2026-04-20,SKU-1023,C-WEST,12,false,20.51
2026-04-27,SKU-1023,C-WEST,11,false,20.01
2026-05-04,SKU-1023,C-WEST,12,false,20.54
2026-05-11,SKU-1023,C-WEST,13,false,20.25
2024-11-18,SKU-1024,C-EAST,109,false,33.64
2024-11-25,SKU-1024,C-EAST,98,false,34.25
2024-12-02,SKU-1024,C-EAST,115,false,33.65
2024-12-09,SKU-1024,C-EAST,93,false,34.55
2024-12-16,SKU-1024,C-EAST,91,false,33.93
2024-12-23,SKU-1024,C-EAST,87,false,33.8
2024-12-30,SKU-1024,C-EAST,100,false,34.93
2025-01-06,SKU-1024,C-EAST,95,false,33.29
2025-01-13,SKU-1024,C-EAST,88,false,33.44
2025-01-20,SKU-1024,C-EAST,123,false,33.56
2025-01-27,SKU-1024,C-EAST,94,false,34.85
2025-02-03,SKU-1024,C-EAST,77,false,35.06
2025-02-10,SKU-1024,C-EAST,88,false,34.63
2025-02-17,SKU-1024,C-EAST,79,false,33.78
2025-02-24,SKU-1024,C-EAST,71,false,33.51
2025-03-03,SKU-1024,C-EAST,54,false,33.66
2025-03-10,SKU-1024,C-EAST,54,false,34.45
2025-03-17,SKU-1024,C-EAST,60,false,33.7
2025-03-24,SKU-1024,C-EAST,45,false,35.14
2025-03-31,SKU-1024,C-EAST,47,false,33.96
2025-04-07,SKU-1024,C-EAST,41,false,34.18
2025-04-14,SKU-1024,C-EAST,37,false,34.65
2025-04-21,SKU-1024,C-EAST,38,false,34.77
2025-04-28,SKU-1024,C-EAST,44,false,33.19
2025-05-05,SKU-1024,C-EAST,29,false,34.7
2025-05-12,SKU-1024,C-EAST,38,false,35.03
2025-05-19,SKU-1024,C-EAST,28,false,34.63
2025-05-26,SKU-1024,C-EAST,24,false,33.67
2025-06-02,SKU-1024,C-EAST,27,false,33.91
2025-06-09,SKU-1024,C-EAST,34,false,34.39
2025-06-16,SKU-1024,C-EAST,38,false,34.11
2025-06-23,SKU-1024,C-EAST,36,false,33.46
2025-06-30,SKU-1024,C-EAST,36,false,34.17
2025-07-07,SKU-1024,C-EAST,33,false,34.63
2025-07-14,SKU-1024,C-EAST,30,false,35.07
2025-07-21,SKU-1024,C-EAST,51,false,35.13
2025-07-28,SKU-1024,C-EAST,44,false,34.46
2025-08-04,SKU-1024,C-EAST,55,false,34.35
2025-08-11,SKU-1024,C-EAST,49,false,35.03
2025-08-18,SKU-1024,C-EAST,55,false,33.93
2025-08-25,SKU-1024,C-EAST,61,false,34.04
2025-09-01,SKU-1024,C-EAST,73,false,33.67
2025-09-08,SKU-1024,C-EAST,110,false,34.19
2025-09-15,SKU-1024,C-EAST,71,false,34.15
2025-09-22,SKU-1024,C-EAST,70,false,34.48
2025-09-29,SKU-1024,C-EAST,63,false,35.04
2025-10-06,SKU-1024,C-EAST,87,false,33.22
2025-10-13,SKU-1024,C-EAST,87,false,34.81
2025-10-20,SKU-1024,C-EAST,94,false,34.57
2025-10-27,SKU-1024,C-EAST,85,false,34.47
2025-11-03,SKU-1024,C-EAST,89,false,34.54
2025-11-10,SKU-1024,C-EAST,100,false,33.67
2025-11-17,SKU-1024,C-EAST,73,false,34.87
2025-11-24,SKU-1024,C-EAST,84,false,33.17
2025-12-01,SKU-1024,C-EAST,112,false,35.02
2025-12-08,SKU-1024,C-EAST,90,false,33.96
2025-12-15,SKU-1024,C-EAST,86,false,34.21
2025-12-22,SKU-1024,C-EAST,72,false,33.53
2025-12-29,SKU-1024,C-EAST,80,false,33.66
2026-01-05,SKU-1024,C-EAST,112,false,33.76
2026-01-12,SKU-1024,C-EAST,112,false,33.93
2026-01-19,SKU-1024,C-EAST,88,false,33.78
2026-01-26,SKU-1024,C-EAST,68,false,34.64
2026-02-02,SKU-1024,C-EAST,80,false,33.33
2026-02-09,SKU-1024,C-EAST,69,false,33.85
2026-02-16,SKU-1024,C-EAST,66,false,33.44
2026-02-23,SKU-1024,C-EAST,65,false,33.96
2026-03-02,SKU-1024,C-EAST,53,false,33.78
2026-03-09,SKU-1024,C-EAST,64,false,33.15
2026-03-16,SKU-1024,C-EAST,43,false,33.29
2026-03-23,SKU-1024,C-EAST,49,false,34.49
2026-03-30,SKU-1024,C-EAST,45,false,34.65
2026-04-06,SKU-1024,C-EAST,48,false,34.59
2026-04-13,SKU-1024,C-EAST,44,false,33.55
2026-04-20,SKU-1024,C-EAST,46,false,34.07
2026-04-27,SKU-1024,C-EAST,38,false,34.81
2026-05-04,SKU-1024,C-EAST,29,false,33.52
2026-05-11,SKU-1024,C-EAST,28,false,34.7
2024-11-18,SKU-1024,C-WEST,66,false,33.98
2024-11-25,SKU-1024,C-WEST,80,false,34.43
2024-12-02,SKU-1024,C-WEST,60,false,33.49
2024-12-09,SKU-1024,C-WEST,62,false,33.75
2024-12-16,SKU-1024,C-WEST,60,false,33.85
2024-12-23,SKU-1024,C-WEST,61,false,34.35
2024-12-30,SKU-1024,C-WEST,55,false,33.35
2025-01-06,SKU-1024,C-WEST,60,false,33.27
2025-01-13,SKU-1024,C-WEST,58,false,34.34
2025-01-20,SKU-1024,C-WEST,68,false,35.17
2025-01-27,SKU-1024,C-WEST,48,false,33.16
2025-02-03,SKU-1024,C-WEST,54,false,34.38
2025-02-10,SKU-1024,C-WEST,50,false,35.06
2025-02-17,SKU-1024,C-WEST,42,false,34.12
2025-02-24,SKU-1024,C-WEST,39,false,33.91
2025-03-03,SKU-1024,C-WEST,44,false,34.97
2025-03-10,SKU-1024,C-WEST,44,false,35.07
2025-03-17,SKU-1024,C-WEST,34,false,34.51
2025-03-24,SKU-1024,C-WEST,26,false,33.87
2025-03-31,SKU-1024,C-WEST,28,false,33.82
2025-04-07,SKU-1024,C-WEST,30,false,34.58
2025-04-14,SKU-1024,C-WEST,25,false,34.63
2025-04-21,SKU-1024,C-WEST,21,false,34.38
2025-04-28,SKU-1024,C-WEST,23,false,34.93
2025-05-05,SKU-1024,C-WEST,21,false,34.82
2025-05-12,SKU-1024,C-WEST,22,false,33.9
2025-05-19,SKU-1024,C-WEST,18,false,34.12
2025-05-26,SKU-1024,C-WEST,21,false,33.99
2025-06-02,SKU-1024,C-WEST,20,false,35.11
2025-06-09,SKU-1024,C-WEST,22,false,34.81
2025-06-16,SKU-1024,C-WEST,22,false,33.24
2025-06-23,SKU-1024,C-WEST,20,false,34.8
2025-06-30,SKU-1024,C-WEST,22,false,34.39
2025-07-07,SKU-1024,C-WEST,28,false,33.97
2025-07-14,SKU-1024,C-WEST,30,false,34.02
2025-07-21,SKU-1024,C-WEST,31,false,35.05
2025-07-28,SKU-1024,C-WEST,40,false,34.9
2025-08-04,SKU-1024,C-WEST,28,false,35.0
2025-08-11,SKU-1024,C-WEST,35,false,33.54
2025-08-18,SKU-1024,C-WEST,31,false,33.44
2025-08-25,SKU-1024,C-WEST,33,false,34.9
2025-09-01,SKU-1024,C-WEST,42,false,34.18
2025-09-08,SKU-1024,C-WEST,58,false,33.76
2025-09-15,SKU-1024,C-WEST,56,false,34.52
2025-09-22,SKU-1024,C-WEST,40,false,33.49
2025-09-29,SKU-1024,C-WEST,55,false,34.06
2025-10-06,SKU-1024,C-WEST,71,false,33.64
2025-10-13,SKU-1024,C-WEST,63,false,33.58
2025-10-20,SKU-1024,C-WEST,59,false,33.33
2025-10-27,SKU-1024,C-WEST,49,false,34.04
2025-11-03,SKU-1024,C-WEST,49,false,35.05
2025-11-10,SKU-1024,C-WEST,54,false,35.0
2025-11-17,SKU-1024,C-WEST,64,false,33.67
2025-11-24,SKU-1024,C-WEST,55,false,34.12
2025-12-01,SKU-1024,C-WEST,70,false,33.42
2025-12-08,SKU-1024,C-WEST,68,false,34.24
2025-12-15,SKU-1024,C-WEST,62,false,34.56
2025-12-22,SKU-1024,C-WEST,60,false,34.93
2025-12-29,SKU-1024,C-WEST,63,false,34.38
2026-01-05,SKU-1024,C-WEST,57,false,34.47
2026-01-12,SKU-1024,C-WEST,60,false,34.65
2026-01-19,SKU-1024,C-WEST,52,false,33.93
2026-01-26,SKU-1024,C-WEST,45,false,34.9
2026-02-02,SKU-1024,C-WEST,46,false,34.8
2026-02-09,SKU-1024,C-WEST,53,false,33.32
2026-02-16,SKU-1024,C-WEST,51,false,33.33
2026-02-23,SKU-1024,C-WEST,42,false,34.67
2026-03-02,SKU-1024,C-WEST,30,false,33.38
2026-03-09,SKU-1024,C-WEST,28,false,35.1
2026-03-16,SKU-1024,C-WEST,35,false,34.33
2026-03-23,SKU-1024,C-WEST,31,false,34.24
2026-03-30,SKU-1024,C-WEST,31,false,34.88
2026-04-06,SKU-1024,C-WEST,25,false,33.89
2026-04-13,SKU-1024,C-WEST,26,false,34.54
2026-04-20,SKU-1024,C-WEST,29,false,34.38
2026-04-27,SKU-1024,C-WEST,22,false,33.6
2026-05-04,SKU-1024,C-WEST,21,false,34.09
2026-05-11,SKU-1024,C-WEST,22,false,33.44
2024-11-18,SKU-1025,C-EAST,38,false,43.02
2024-11-25,SKU-1025,C-EAST,38,false,43.37
2024-12-02,SKU-1025,C-EAST,38,false,42.11
2024-12-09,SKU-1025,C-EAST,33,false,43.85
2024-12-16,SKU-1025,C-EAST,44,false,43.13
2024-12-23,SKU-1025,C-EAST,49,false,42.54
2024-12-30,SKU-1025,C-EAST,43,false,43.12
2025-01-06,SKU-1025,C-EAST,34,false,42.28
2025-01-13,SKU-1025,C-EAST,37,false,43.44
2025-01-20,SKU-1025,C-EAST,48,false,41.86
2025-01-27,SKU-1025,C-EAST,37,false,43.11
2025-02-03,SKU-1025,C-EAST,26,false,41.46
2025-02-10,SKU-1025,C-EAST,43,false,42.57
2025-02-17,SKU-1025,C-EAST,35,false,42.32
2025-02-24,SKU-1025,C-EAST,42,false,43.49
2025-03-03,SKU-1025,C-EAST,29,false,43.86
2025-03-10,SKU-1025,C-EAST,26,false,43.05
2025-03-17,SKU-1025,C-EAST,30,false,43.85
2025-03-24,SKU-1025,C-EAST,26,false,42.67
2025-03-31,SKU-1025,C-EAST,27,false,42.05
2025-04-07,SKU-1025,C-EAST,24,false,43.51
2025-04-14,SKU-1025,C-EAST,20,false,42.33
2025-04-21,SKU-1025,C-EAST,29,false,42.81
2025-04-28,SKU-1025,C-EAST,45,false,43.38
2025-05-05,SKU-1025,C-EAST,27,false,42.49
2025-05-12,SKU-1025,C-EAST,23,false,41.74
2025-05-19,SKU-1025,C-EAST,24,false,42.07
2025-05-26,SKU-1025,C-EAST,19,false,41.69
2025-06-02,SKU-1025,C-EAST,23,false,43.2
2025-06-09,SKU-1025,C-EAST,29,false,41.35
2025-06-16,SKU-1025,C-EAST,25,false,43.06
2025-06-23,SKU-1025,C-EAST,20,false,43.85
2025-06-30,SKU-1025,C-EAST,26,false,42.41
2025-07-07,SKU-1025,C-EAST,23,false,43.47
2025-07-14,SKU-1025,C-EAST,23,false,43.81
2025-07-21,SKU-1025,C-EAST,28,false,41.78
2025-07-28,SKU-1025,C-EAST,32,false,42.98
2025-08-04,SKU-1025,C-EAST,28,false,42.84
2025-08-11,SKU-1025,C-EAST,27,false,42.35
2025-08-18,SKU-1025,C-EAST,24,false,41.41
2025-08-25,SKU-1025,C-EAST,29,false,43.08
2025-09-01,SKU-1025,C-EAST,37,false,43.76
2025-09-08,SKU-1025,C-EAST,41,false,43.09
2025-09-15,SKU-1025,C-EAST,29,false,43.35
2025-09-22,SKU-1025,C-EAST,26,false,43.53
2025-09-29,SKU-1025,C-EAST,23,false,42.98
2025-10-06,SKU-1025,C-EAST,55,true,35.11
2025-10-13,SKU-1025,C-EAST,68,true,33.84
2025-10-20,SKU-1025,C-EAST,44,false,43.03
2025-10-27,SKU-1025,C-EAST,38,false,42.62
2025-11-03,SKU-1025,C-EAST,37,false,42.79
2025-11-10,SKU-1025,C-EAST,34,false,42.02
2025-11-17,SKU-1025,C-EAST,32,false,41.78
2025-11-24,SKU-1025,C-EAST,30,false,42.56
2025-12-01,SKU-1025,C-EAST,40,false,42.78
2025-12-08,SKU-1025,C-EAST,36,false,41.58
2025-12-15,SKU-1025,C-EAST,49,false,43.35
2025-12-22,SKU-1025,C-EAST,33,false,41.79
2025-12-29,SKU-1025,C-EAST,38,false,42.74
2026-01-05,SKU-1025,C-EAST,42,false,42.69
2026-01-12,SKU-1025,C-EAST,44,false,42.65
2026-01-19,SKU-1025,C-EAST,35,false,42.82
2026-01-26,SKU-1025,C-EAST,33,false,41.64
2026-02-02,SKU-1025,C-EAST,26,false,43.25
2026-02-09,SKU-1025,C-EAST,44,false,41.78
2026-02-16,SKU-1025,C-EAST,34,false,42.85
2026-02-23,SKU-1025,C-EAST,34,false,43.37
2026-03-02,SKU-1025,C-EAST,39,false,41.64
2026-03-09,SKU-1025,C-EAST,30,false,41.73
2026-03-16,SKU-1025,C-EAST,25,false,42.76
2026-03-23,SKU-1025,C-EAST,30,false,43.83
2026-03-30,SKU-1025,C-EAST,30,false,42.62
2026-04-06,SKU-1025,C-EAST,27,false,42.4
2026-04-13,SKU-1025,C-EAST,30,false,43.74
2026-04-20,SKU-1025,C-EAST,32,false,43.74
2026-04-27,SKU-1025,C-EAST,22,false,42.65
2026-05-04,SKU-1025,C-EAST,21,false,42.46
2026-05-11,SKU-1025,C-EAST,16,false,42.8
2024-11-18,SKU-1025,C-WEST,24,false,43.84
2024-11-25,SKU-1025,C-WEST,22,false,42.22
2024-12-02,SKU-1025,C-WEST,24,false,41.58
2024-12-09,SKU-1025,C-WEST,27,false,43.42
2024-12-16,SKU-1025,C-WEST,24,false,42.09
2024-12-23,SKU-1025,C-WEST,23,false,43.45
2024-12-30,SKU-1025,C-WEST,28,false,41.87
2025-01-06,SKU-1025,C-WEST,22,false,42.24
2025-01-13,SKU-1025,C-WEST,26,false,41.51
2025-01-20,SKU-1025,C-WEST,33,false,41.97
2025-01-27,SKU-1025,C-WEST,15,false,42.34
2025-02-03,SKU-1025,C-WEST,26,false,41.53
2025-02-10,SKU-1025,C-WEST,19,false,43.1
2025-02-17,SKU-1025,C-WEST,21,false,42.69
2025-02-24,SKU-1025,C-WEST,23,false,43.87
2025-03-03,SKU-1025,C-WEST,22,false,43.1
2025-03-10,SKU-1025,C-WEST,21,false,43.0
2025-03-17,SKU-1025,C-WEST,20,false,43.42
2025-03-24,SKU-1025,C-WEST,13,false,41.71
2025-03-31,SKU-1025,C-WEST,15,false,43.86
2025-04-07,SKU-1025,C-WEST,35,true,36.31
2025-04-14,SKU-1025,C-WEST,32,true,33.62
2025-04-21,SKU-1025,C-WEST,28,true,36.03
2025-04-28,SKU-1025,C-WEST,36,true,33.57
2025-05-05,SKU-1025,C-WEST,15,false,42.17
2025-05-12,SKU-1025,C-WEST,13,false,42.02
2025-05-19,SKU-1025,C-WEST,15,false,41.35
2025-05-26,SKU-1025,C-WEST,16,false,42.29
2025-06-02,SKU-1025,C-WEST,14,false,41.59
2025-06-09,SKU-1025,C-WEST,12,false,43.69
2025-06-16,SKU-1025,C-WEST,15,false,42.11
2025-06-23,SKU-1025,C-WEST,15,false,43.42
2025-06-30,SKU-1025,C-WEST,13,false,43.11
2025-07-07,SKU-1025,C-WEST,15,false,43.53
2025-07-14,SKU-1025,C-WEST,16,false,43.61
2025-07-21,SKU-1025,C-WEST,17,false,41.76
2025-07-28,SKU-1025,C-WEST,18,false,42.2
2025-08-04,SKU-1025,C-WEST,15,false,43.22
2025-08-11,SKU-1025,C-WEST,18,false,42.84
2025-08-18,SKU-1025,C-WEST,14,false,43.49
2025-08-25,SKU-1025,C-WEST,15,false,41.35
2025-09-01,SKU-1025,C-WEST,18,false,42.63
2025-09-08,SKU-1025,C-WEST,23,false,42.29
2025-09-15,SKU-1025,C-WEST,21,false,43.2
2025-09-22,SKU-1025,C-WEST,22,false,43.81
2025-09-29,SKU-1025,C-WEST,24,false,43.13
2025-10-06,SKU-1025,C-WEST,52,true,36.84
2025-10-13,SKU-1025,C-WEST,51,true,34.16
2025-10-20,SKU-1025,C-WEST,26,false,42.61
2025-10-27,SKU-1025,C-WEST,20,false,42.03
2025-11-03,SKU-1025,C-WEST,13,false,43.57
2025-11-10,SKU-1025,C-WEST,22,false,43.4
2025-11-17,SKU-1025,C-WEST,21,false,43.74
2025-11-24,SKU-1025,C-WEST,25,false,42.36
2025-12-01,SKU-1025,C-WEST,25,false,41.53
2025-12-08,SKU-1025,C-WEST,28,false,43.19
2025-12-15,SKU-1025,C-WEST,25,false,41.47
2025-12-22,SKU-1025,C-WEST,23,false,43.22
2025-12-29,SKU-1025,C-WEST,18,false,43.56
2026-01-05,SKU-1025,C-WEST,23,false,43.78
2026-01-12,SKU-1025,C-WEST,25,false,43.19
2026-01-19,SKU-1025,C-WEST,20,false,42.55
2026-01-26,SKU-1025,C-WEST,13,false,43.59
2026-02-02,SKU-1025,C-WEST,21,false,43.11
2026-02-09,SKU-1025,C-WEST,21,false,43.65
2026-02-16,SKU-1025,C-WEST,25,false,43.23
2026-02-23,SKU-1025,C-WEST,20,false,43.24
2026-03-02,SKU-1025,C-WEST,16,false,41.95
2026-03-09,SKU-1025,C-WEST,16,false,43.43
2026-03-16,SKU-1025,C-WEST,12,false,43.57
2026-03-23,SKU-1025,C-WEST,14,false,42.87
2026-03-30,SKU-1025,C-WEST,18,false,43.79
2026-04-06,SKU-1025,C-WEST,12,false,42.66
2026-04-13,SKU-1025,C-WEST,14,false,41.9
2026-04-20,SKU-1025,C-WEST,23,false,42.63
2026-04-27,SKU-1025,C-WEST,19,false,43.76
2026-05-04,SKU-1025,C-WEST,16,false,42.28
2026-05-11,SKU-1025,C-WEST,16,false,41.61
2024-11-18,SKU-1026,C-EAST,45,false,50.37
2024-11-25,SKU-1026,C-EAST,45,false,50.12
2024-12-02,SKU-1026,C-EAST,39,false,50.14
2024-12-09,SKU-1026,C-EAST,29,false,50.4
2024-12-16,SKU-1026,C-EAST,28,false,52.0
2024-12-23,SKU-1026,C-EAST,28,false,49.58
2024-12-30,SKU-1026,C-EAST,33,false,50.96
2025-01-06,SKU-1026,C-EAST,37,false,50.56
2025-01-13,SKU-1026,C-EAST,46,false,50.55
2025-01-20,SKU-1026,C-EAST,50,false,49.49
2025-01-27,SKU-1026,C-EAST,42,false,50.55
2025-02-03,SKU-1026,C-EAST,38,true,49.78
2025-02-10,SKU-1026,C-EAST,41,true,51.04
2025-02-17,SKU-1026,C-EAST,26,false,49.94
2025-02-24,SKU-1026,C-EAST,33,false,49.95
2025-03-03,SKU-1026,C-EAST,33,false,51.48
2025-03-10,SKU-1026,C-EAST,33,false,50.39
2025-03-17,SKU-1026,C-EAST,37,false,50.78
2025-03-24,SKU-1026,C-EAST,31,false,49.8
2025-03-31,SKU-1026,C-EAST,30,false,50.81
2025-04-07,SKU-1026,C-EAST,20,false,50.55
2025-04-14,SKU-1026,C-EAST,19,false,50.8
2025-04-21,SKU-1026,C-EAST,21,false,50.08
2025-04-28,SKU-1026,C-EAST,31,false,50.05
2025-05-05,SKU-1026,C-EAST,34,false,51.75
2025-05-12,SKU-1026,C-EAST,24,false,52.23
2025-05-19,SKU-1026,C-EAST,27,false,50.94
2025-05-26,SKU-1026,C-EAST,23,false,51.51
2025-06-02,SKU-1026,C-EAST,20,false,51.15
2025-06-09,SKU-1026,C-EAST,21,false,51.92
2025-06-16,SKU-1026,C-EAST,20,false,51.81
2025-06-23,SKU-1026,C-EAST,25,false,52.17
2025-06-30,SKU-1026,C-EAST,24,false,52.05
2025-07-07,SKU-1026,C-EAST,24,false,50.66
2025-07-14,SKU-1026,C-EAST,27,false,49.53
2025-07-21,SKU-1026,C-EAST,22,false,49.95
2025-07-28,SKU-1026,C-EAST,17,false,50.19
2025-08-04,SKU-1026,C-EAST,23,false,51.55
2025-08-11,SKU-1026,C-EAST,24,false,51.73
2025-08-18,SKU-1026,C-EAST,34,false,50.8
2025-08-25,SKU-1026,C-EAST,30,false,51.8
2025-09-01,SKU-1026,C-EAST,40,false,50.23
2025-09-08,SKU-1026,C-EAST,31,false,50.23
2025-09-15,SKU-1026,C-EAST,30,false,51.82
2025-09-22,SKU-1026,C-EAST,34,false,50.23
2025-09-29,SKU-1026,C-EAST,24,false,51.98
2025-10-06,SKU-1026,C-EAST,37,false,51.95
2025-10-13,SKU-1026,C-EAST,37,false,51.62
2025-10-20,SKU-1026,C-EAST,35,false,52.51
2025-10-27,SKU-1026,C-EAST,32,false,51.28
2025-11-03,SKU-1026,C-EAST,27,false,49.87
2025-11-10,SKU-1026,C-EAST,29,false,49.59
2025-11-17,SKU-1026,C-EAST,41,false,50.77
2025-11-24,SKU-1026,C-EAST,32,false,51.36
2025-12-01,SKU-1026,C-EAST,33,false,50.72
2025-12-08,SKU-1026,C-EAST,40,false,50.41
2025-12-15,SKU-1026,C-EAST,40,false,50.5
2025-12-22,SKU-1026,C-EAST,33,false,50.94
2025-12-29,SKU-1026,C-EAST,25,false,50.4
2026-01-05,SKU-1026,C-EAST,29,false,50.29
2026-01-12,SKU-1026,C-EAST,32,false,50.75
2026-01-19,SKU-1026,C-EAST,39,false,50.45
2026-01-26,SKU-1026,C-EAST,36,false,49.63
2026-02-02,SKU-1026,C-EAST,34,false,51.75
2026-02-09,SKU-1026,C-EAST,36,false,52.25
2026-02-16,SKU-1026,C-EAST,42,false,49.78
2026-02-23,SKU-1026,C-EAST,29,false,50.58
2026-03-02,SKU-1026,C-EAST,48,true,50.4
2026-03-09,SKU-1026,C-EAST,36,true,51.16
2026-03-16,SKU-1026,C-EAST,32,true,52.11
2026-03-23,SKU-1026,C-EAST,24,false,50.58
2026-03-30,SKU-1026,C-EAST,30,false,51.85
2026-04-06,SKU-1026,C-EAST,41,false,51.46
2026-04-13,SKU-1026,C-EAST,27,false,50.11
2026-04-20,SKU-1026,C-EAST,22,false,49.87
2026-04-27,SKU-1026,C-EAST,25,false,51.74
2026-05-04,SKU-1026,C-EAST,26,false,52.26
2026-05-11,SKU-1026,C-EAST,23,false,51.47
2024-11-18,SKU-1026,C-WEST,22,false,52.3
2024-11-25,SKU-1026,C-WEST,24,false,49.7
2024-12-02,SKU-1026,C-WEST,18,false,51.69
2024-12-09,SKU-1026,C-WEST,22,false,52.5
2024-12-16,SKU-1026,C-WEST,25,false,49.6
2024-12-23,SKU-1026,C-WEST,27,false,50.06
2024-12-30,SKU-1026,C-WEST,21,false,52.15
2025-01-06,SKU-1026,C-WEST,23,false,52.08
2025-01-13,SKU-1026,C-WEST,26,false,52.21
2025-01-20,SKU-1026,C-WEST,16,false,50.84
2025-01-27,SKU-1026,C-WEST,16,false,49.68
2025-02-03,SKU-1026,C-WEST,24,true,50.75
2025-02-10,SKU-1026,C-WEST,42,true,49.54
2025-02-17,SKU-1026,C-WEST,18,false,51.3
2025-02-24,SKU-1026,C-WEST,17,false,49.61
2025-03-03,SKU-1026,C-WEST,17,false,51.2
2025-03-10,SKU-1026,C-WEST,18,false,51.74
2025-03-17,SKU-1026,C-WEST,13,false,50.69
2025-03-24,SKU-1026,C-WEST,12,false,52.44
2025-03-31,SKU-1026,C-WEST,12,false,49.98
2025-04-07,SKU-1026,C-WEST,14,false,51.85
2025-04-14,SKU-1026,C-WEST,11,false,50.7
2025-04-21,SKU-1026,C-WEST,13,false,49.96
2025-04-28,SKU-1026,C-WEST,16,false,50.14
2025-05-05,SKU-1026,C-WEST,17,false,51.89
2025-05-12,SKU-1026,C-WEST,12,false,50.86
2025-05-19,SKU-1026,C-WEST,14,false,50.4
2025-05-26,SKU-1026,C-WEST,11,false,50.14
2025-06-02,SKU-1026,C-WEST,10,false,49.99
2025-06-09,SKU-1026,C-WEST,11,false,49.61
2025-06-16,SKU-1026,C-WEST,13,false,49.92
2025-06-23,SKU-1026,C-WEST,15,false,52.17
2025-06-30,SKU-1026,C-WEST,16,false,51.89
2025-07-07,SKU-1026,C-WEST,14,false,51.44
2025-07-14,SKU-1026,C-WEST,13,false,51.11
2025-07-21,SKU-1026,C-WEST,18,false,49.47
2025-07-28,SKU-1026,C-WEST,13,false,50.6
2025-08-04,SKU-1026,C-WEST,17,false,49.72
2025-08-11,SKU-1026,C-WEST,15,false,51.68
2025-08-18,SKU-1026,C-WEST,14,false,50.72
2025-08-25,SKU-1026,C-WEST,15,false,49.65
2025-09-01,SKU-1026,C-WEST,17,false,51.97
2025-09-08,SKU-1026,C-WEST,20,false,52.42
2025-09-15,SKU-1026,C-WEST,20,false,50.01
2025-09-22,SKU-1026,C-WEST,23,false,52.47
2025-09-29,SKU-1026,C-WEST,21,false,51.85
2025-10-06,SKU-1026,C-WEST,19,false,51.75
2025-10-13,SKU-1026,C-WEST,18,false,50.64
2025-10-20,SKU-1026,C-WEST,16,false,51.41
2025-10-27,SKU-1026,C-WEST,19,false,51.16
2025-11-03,SKU-1026,C-WEST,24,false,50.29
2025-11-10,SKU-1026,C-WEST,21,false,51.25
2025-11-17,SKU-1026,C-WEST,24,false,49.95
2025-11-24,SKU-1026,C-WEST,20,false,50.18
2025-12-01,SKU-1026,C-WEST,22,false,52.23
2025-12-08,SKU-1026,C-WEST,21,false,49.76
2025-12-15,SKU-1026,C-WEST,23,false,52.11
2025-12-22,SKU-1026,C-WEST,21,false,50.05
2025-12-29,SKU-1026,C-WEST,17,false,51.45
2026-01-05,SKU-1026,C-WEST,26,false,49.53
2026-01-12,SKU-1026,C-WEST,25,false,50.68
2026-01-19,SKU-1026,C-WEST,23,false,51.33
2026-01-26,SKU-1026,C-WEST,20,false,50.22
2026-02-02,SKU-1026,C-WEST,17,false,52.25
2026-02-09,SKU-1026,C-WEST,26,false,51.08
2026-02-16,SKU-1026,C-WEST,19,false,51.69
2026-02-23,SKU-1026,C-WEST,20,false,50.63
2026-03-02,SKU-1026,C-WEST,29,true,49.53
2026-03-09,SKU-1026,C-WEST,39,true,51.44
2026-03-16,SKU-1026,C-WEST,32,true,49.6
2026-03-23,SKU-1026,C-WEST,19,false,49.91
2026-03-30,SKU-1026,C-WEST,17,false,51.39
2026-04-06,SKU-1026,C-WEST,21,false,52.4
2026-04-13,SKU-1026,C-WEST,13,false,49.8
2026-04-20,SKU-1026,C-WEST,11,false,51.63
2026-04-27,SKU-1026,C-WEST,14,false,50.09
2026-05-04,SKU-1026,C-WEST,18,false,50.83
2026-05-11,SKU-1026,C-WEST,16,false,49.97
2024-11-18,SKU-1027,C-EAST,26,false,31.34
2024-11-25,SKU-1027,C-EAST,27,false,30.01
2024-12-02,SKU-1027,C-EAST,24,false,31.36
2024-12-09,SKU-1027,C-EAST,25,false,30.08
2024-12-16,SKU-1027,C-EAST,24,false,30.61
2024-12-23,SKU-1027,C-EAST,27,false,30.09
2024-12-30,SKU-1027,C-EAST,25,false,31.44
2025-01-06,SKU-1027,C-EAST,36,false,30.53
2025-01-13,SKU-1027,C-EAST,27,false,30.03
2025-01-20,SKU-1027,C-EAST,25,false,30.13
2025-01-27,SKU-1027,C-EAST,19,false,31.58
2025-02-03,SKU-1027,C-EAST,21,false,30.48
2025-02-10,SKU-1027,C-EAST,23,false,31.52
2025-02-17,SKU-1027,C-EAST,24,false,31.51
2025-02-24,SKU-1027,C-EAST,26,false,30.15
2025-03-03,SKU-1027,C-EAST,19,false,30.8
2025-03-10,SKU-1027,C-EAST,18,false,30.09
2025-03-17,SKU-1027,C-EAST,18,false,31.05
2025-03-24,SKU-1027,C-EAST,19,false,30.46
2025-03-31,SKU-1027,C-EAST,26,false,30.01
2025-04-07,SKU-1027,C-EAST,22,false,31.54
2025-04-14,SKU-1027,C-EAST,18,false,31.31
2025-04-21,SKU-1027,C-EAST,16,false,29.82
2025-04-28,SKU-1027,C-EAST,16,false,31.54
2025-05-05,SKU-1027,C-EAST,17,false,30.41
2025-05-12,SKU-1027,C-EAST,26,false,30.54
2025-05-19,SKU-1027,C-EAST,17,false,30.7
2025-05-26,SKU-1027,C-EAST,12,false,29.94
2025-06-02,SKU-1027,C-EAST,13,false,30.33
2025-06-09,SKU-1027,C-EAST,13,false,29.98
2025-06-16,SKU-1027,C-EAST,17,false,30.53
2025-06-23,SKU-1027,C-EAST,19,false,30.41
2025-06-30,SKU-1027,C-EAST,16,false,30.58
2025-07-07,SKU-1027,C-EAST,16,false,31.28
2025-07-14,SKU-1027,C-EAST,12,false,31.02
2025-07-21,SKU-1027,C-EAST,18,false,30.27
2025-07-28,SKU-1027,C-EAST,16,false,30.8
2025-08-04,SKU-1027,C-EAST,20,false,30.8
2025-08-11,SKU-1027,C-EAST,20,false,30.89
2025-08-18,SKU-1027,C-EAST,18,false,30.6
2025-08-25,SKU-1027,C-EAST,15,false,31.2
2025-09-01,SKU-1027,C-EAST,17,false,31.11
2025-09-08,SKU-1027,C-EAST,19,false,31.65
2025-09-15,SKU-1027,C-EAST,25,false,29.85
2025-09-22,SKU-1027,C-EAST,17,false,31.52
2025-09-29,SKU-1027,C-EAST,21,false,29.93
2025-10-06,SKU-1027,C-EAST,18,false,31.42
2025-10-13,SKU-1027,C-EAST,23,false,31.33
2025-10-20,SKU-1027,C-EAST,25,false,31.39
2025-10-27,SKU-1027,C-EAST,33,false,31.61
2025-11-03,SKU-1027,C-EAST,32,false,31.34
2025-11-10,SKU-1027,C-EAST,24,false,29.92
2025-11-17,SKU-1027,C-EAST,24,false,31.12
2025-11-24,SKU-1027,C-EAST,28,false,30.51
2025-12-01,SKU-1027,C-EAST,38,false,30.5
2025-12-08,SKU-1027,C-EAST,26,false,31.11
2025-12-15,SKU-1027,C-EAST,29,false,31.36
2025-12-22,SKU-1027,C-EAST,25,false,31.42
2025-12-29,SKU-1027,C-EAST,25,false,29.96
2026-01-05,SKU-1027,C-EAST,22,false,29.96
2026-01-12,SKU-1027,C-EAST,35,false,30.09
2026-01-19,SKU-1027,C-EAST,27,false,30.15
2026-01-26,SKU-1027,C-EAST,28,false,31.11
2026-02-02,SKU-1027,C-EAST,22,false,30.37
2026-02-09,SKU-1027,C-EAST,27,false,31.26
2026-02-16,SKU-1027,C-EAST,25,false,31.1
2026-02-23,SKU-1027,C-EAST,25,false,31.44
2026-03-02,SKU-1027,C-EAST,24,false,29.88
2026-03-09,SKU-1027,C-EAST,20,false,29.84
2026-03-16,SKU-1027,C-EAST,19,false,31.35
2026-03-23,SKU-1027,C-EAST,17,false,30.84
2026-03-30,SKU-1027,C-EAST,14,false,31.35
2026-04-06,SKU-1027,C-EAST,20,false,31.13
2026-04-13,SKU-1027,C-EAST,19,false,30.6
2026-04-20,SKU-1027,C-EAST,19,false,30.78
2026-04-27,SKU-1027,C-EAST,19,false,31.62
2026-05-04,SKU-1027,C-EAST,16,false,30.96
2026-05-11,SKU-1027,C-EAST,14,false,30.22
2024-11-18,SKU-1027,C-WEST,18,false,30.85
2024-11-25,SKU-1027,C-WEST,20,false,31.37
2024-12-02,SKU-1027,C-WEST,18,false,30.4
2024-12-09,SKU-1027,C-WEST,22,false,31.0
2024-12-16,SKU-1027,C-WEST,19,false,31.3
2024-12-23,SKU-1027,C-WEST,20,false,31.01
2024-12-30,SKU-1027,C-WEST,17,false,29.96
2025-01-06,SKU-1027,C-WEST,18,false,30.93
2025-01-13,SKU-1027,C-WEST,15,false,30.34
2025-01-20,SKU-1027,C-WEST,15,false,30.82
2025-01-27,SKU-1027,C-WEST,16,false,31.21
2025-02-03,SKU-1027,C-WEST,18,false,30.39
2025-02-10,SKU-1027,C-WEST,15,false,29.88
2025-02-17,SKU-1027,C-WEST,18,false,30.31
2025-02-24,SKU-1027,C-WEST,20,false,30.86
2025-03-03,SKU-1027,C-WEST,15,false,31.28
2025-03-10,SKU-1027,C-WEST,16,false,31.56
2025-03-17,SKU-1027,C-WEST,11,false,29.83
2025-03-24,SKU-1027,C-WEST,10,false,30.55
2025-03-31,SKU-1027,C-WEST,11,false,30.18
2025-04-07,SKU-1027,C-WEST,12,false,31.61
2025-04-14,SKU-1027,C-WEST,12,false,31.11
2025-04-21,SKU-1027,C-WEST,14,false,31.19
2025-04-28,SKU-1027,C-WEST,12,false,30.0
2025-05-05,SKU-1027,C-WEST,12,false,30.9
2025-05-12,SKU-1027,C-WEST,11,false,30.52
2025-05-19,SKU-1027,C-WEST,9,false,30.35
2025-05-26,SKU-1027,C-WEST,9,false,30.1
2025-06-02,SKU-1027,C-WEST,8,false,29.99
2025-06-09,SKU-1027,C-WEST,10,false,31.14
2025-06-16,SKU-1027,C-WEST,10,false,31.02
2025-06-23,SKU-1027,C-WEST,10,false,31.24
2025-06-30,SKU-1027,C-WEST,11,false,30.77
2025-07-07,SKU-1027,C-WEST,14,false,31.16
2025-07-14,SKU-1027,C-WEST,11,false,30.45
2025-07-21,SKU-1027,C-WEST,11,false,31.27
2025-07-28,SKU-1027,C-WEST,11,false,31.4
2025-08-04,SKU-1027,C-WEST,13,false,30.61
2025-08-11,SKU-1027,C-WEST,10,false,30.53
2025-08-18,SKU-1027,C-WEST,10,false,30.2
2025-08-25,SKU-1027,C-WEST,12,false,30.1
2025-09-01,SKU-1027,C-WEST,11,false,30.98
2025-09-08,SKU-1027,C-WEST,13,false,30.08
2025-09-15,SKU-1027,C-WEST,15,false,31.42
2025-09-22,SKU-1027,C-WEST,13,false,31.26
2025-09-29,SKU-1027,C-WEST,23,false,29.98
2025-10-06,SKU-1027,C-WEST,15,false,31.54
2025-10-13,SKU-1027,C-WEST,13,false,30.12
2025-10-20,SKU-1027,C-WEST,13,false,29.98
2025-10-27,SKU-1027,C-WEST,14,false,30.15
2025-11-03,SKU-1027,C-WEST,16,false,30.69
2025-11-10,SKU-1027,C-WEST,17,false,30.29
2025-11-17,SKU-1027,C-WEST,15,false,30.08
2025-11-24,SKU-1027,C-WEST,17,false,30.05
2025-12-01,SKU-1027,C-WEST,20,false,31.4
2025-12-08,SKU-1027,C-WEST,16,false,30.56
2025-12-15,SKU-1027,C-WEST,20,false,30.06
2025-12-22,SKU-1027,C-WEST,15,false,30.49
2025-12-29,SKU-1027,C-WEST,17,false,30.51
2026-01-05,SKU-1027,C-WEST,13,false,31.08
2026-01-12,SKU-1027,C-WEST,17,false,31.43
2026-01-19,SKU-1027,C-WEST,16,false,31.08
2026-01-26,SKU-1027,C-WEST,16,false,31.18
2026-02-02,SKU-1027,C-WEST,19,false,30.27
2026-02-09,SKU-1027,C-WEST,17,false,31.39
2026-02-16,SKU-1027,C-WEST,16,false,30.35
2026-02-23,SKU-1027,C-WEST,25,false,29.95
2026-03-02,SKU-1027,C-WEST,15,false,30.53
2026-03-09,SKU-1027,C-WEST,14,false,30.68
2026-03-16,SKU-1027,C-WEST,12,false,31.0
2026-03-23,SKU-1027,C-WEST,15,false,29.98
2026-03-30,SKU-1027,C-WEST,11,false,31.17
2026-04-06,SKU-1027,C-WEST,14,false,31.23
2026-04-13,SKU-1027,C-WEST,12,false,30.19
2026-04-20,SKU-1027,C-WEST,12,false,31.66
2026-04-27,SKU-1027,C-WEST,12,false,30.71
2026-05-04,SKU-1027,C-WEST,11,false,30.33
2026-05-11,SKU-1027,C-WEST,9,false,29.89
2026-02-16,SKU-1028,C-EAST,8,false,15.64
2026-02-23,SKU-1028,C-EAST,9,false,16.16
2026-03-02,SKU-1028,C-EAST,11,false,15.72
2026-03-09,SKU-1028,C-EAST,17,false,15.33
2026-03-16,SKU-1028,C-EAST,22,false,15.92
2026-03-23,SKU-1028,C-EAST,14,false,15.53
2026-03-30,SKU-1028,C-EAST,15,false,15.34
2026-04-06,SKU-1028,C-EAST,15,false,15.66
2026-04-13,SKU-1028,C-EAST,18,false,16.1
2026-04-20,SKU-1028,C-EAST,21,false,15.77
2026-04-27,SKU-1028,C-EAST,17,false,16.06
2026-05-04,SKU-1028,C-EAST,16,false,15.36
2026-05-11,SKU-1028,C-EAST,18,false,15.99
2026-02-16,SKU-1028,C-WEST,3,false,15.43
2026-02-23,SKU-1028,C-WEST,5,false,15.73
2026-03-02,SKU-1028,C-WEST,6,false,15.93
2026-03-09,SKU-1028,C-WEST,25,true,12.96
2026-03-16,SKU-1028,C-WEST,24,true,13.59
2026-03-23,SKU-1028,C-WEST,20,true,13.77
2026-03-30,SKU-1028,C-WEST,21,true,13.41
2026-04-06,SKU-1028,C-WEST,8,false,15.86
2026-04-13,SKU-1028,C-WEST,9,false,15.58
2026-04-20,SKU-1028,C-WEST,9,false,15.98
2026-04-27,SKU-1028,C-WEST,7,false,15.97
2026-05-04,SKU-1028,C-WEST,7,false,15.71
2026-05-11,SKU-1028,C-WEST,7,false,15.42
2025-12-08,SKU-1029,C-EAST,15,false,34.14
2025-12-15,SKU-1029,C-EAST,22,false,34.92
2025-12-22,SKU-1029,C-EAST,26,false,35.2
2025-12-29,SKU-1029,C-EAST,28,false,33.41
2026-01-05,SKU-1029,C-EAST,31,false,34.08
2026-01-12,SKU-1029,C-EAST,43,false,34.33
2026-01-19,SKU-1029,C-EAST,36,false,33.93
2026-01-26,SKU-1029,C-EAST,37,false,35.17
2026-02-02,SKU-1029,C-EAST,38,false,33.24
2026-02-09,SKU-1029,C-EAST,32,false,34.88
2026-02-16,SKU-1029,C-EAST,46,false,34.24
2026-02-23,SKU-1029,C-EAST,27,false,35.0
2026-03-02,SKU-1029,C-EAST,25,false,34.15
2026-03-09,SKU-1029,C-EAST,19,false,34.06
2026-03-16,SKU-1029,C-EAST,20,false,34.29
2026-03-23,SKU-1029,C-EAST,29,false,34.78
2026-03-30,SKU-1029,C-EAST,26,false,34.09
2026-04-06,SKU-1029,C-EAST,44,false,33.58
2026-04-13,SKU-1029,C-EAST,22,false,34.0
2026-04-20,SKU-1029,C-EAST,23,false,34.95
2026-04-27,SKU-1029,C-EAST,20,false,33.79
2026-05-04,SKU-1029,C-EAST,19,false,34.49
2026-05-11,SKU-1029,C-EAST,25,false,35.26
2025-12-08,SKU-1029,C-WEST,8,false,34.87
2025-12-15,SKU-1029,C-WEST,14,false,34.48
2025-12-22,SKU-1029,C-WEST,16,false,34.06
2025-12-29,SKU-1029,C-WEST,14,false,35.12
2026-01-05,SKU-1029,C-WEST,25,false,33.42
2026-01-12,SKU-1029,C-WEST,19,false,33.28
2026-01-19,SKU-1029,C-WEST,23,false,33.81
2026-01-26,SKU-1029,C-WEST,18,false,34.15
2026-02-02,SKU-1029,C-WEST,18,false,34.0
2026-02-09,SKU-1029,C-WEST,25,false,33.47
2026-02-16,SKU-1029,C-WEST,22,false,35.2
2026-02-23,SKU-1029,C-WEST,21,false,34.9
2026-03-02,SKU-1029,C-WEST,17,false,34.66
2026-03-09,SKU-1029,C-WEST,19,false,33.98
2026-03-16,SKU-1029,C-WEST,20,false,33.67
2026-03-23,SKU-1029,C-WEST,18,false,33.76
2026-03-30,SKU-1029,C-WEST,20,false,34.94
2026-04-06,SKU-1029,C-WEST,17,false,33.71
2026-04-13,SKU-1029,C-WEST,11,false,35.06
2026-04-20,SKU-1029,C-WEST,11,false,33.53
2026-04-27,SKU-1029,C-WEST,15,false,33.98
2026-05-04,SKU-1029,C-WEST,22,false,34.45
2026-05-11,SKU-1029,C-WEST,12,false,33.9
2024-11-18,SKU-1030,C-EAST,46,false,43.54
2024-11-25,SKU-1030,C-EAST,50,false,43.47
2024-12-02,SKU-1030,C-EAST,40,false,43.05
2024-12-09,SKU-1030,C-EAST,34,false,43.92
2024-12-16,SKU-1030,C-EAST,26,false,42.74
2024-12-23,SKU-1030,C-EAST,36,false,42.54
2024-12-30,SKU-1030,C-EAST,45,false,42.71
2025-01-06,SKU-1030,C-EAST,41,false,43.04
2025-01-13,SKU-1030,C-EAST,54,false,43.03
2025-01-20,SKU-1030,C-EAST,48,false,42.09
2025-01-27,SKU-1030,C-EAST,33,false,41.94
2025-02-03,SKU-1030,C-EAST,26,false,41.66
2025-02-10,SKU-1030,C-EAST,27,false,42.94
2025-02-17,SKU-1030,C-EAST,28,false,41.49
2025-02-24,SKU-1030,C-EAST,30,false,41.62
2025-03-03,SKU-1030,C-EAST,25,false,42.4
2025-03-10,SKU-1030,C-EAST,33,false,42.58
2025-03-17,SKU-1030,C-EAST,33,false,43.04
2025-03-24,SKU-1030,C-EAST,28,false,43.72
2025-03-31,SKU-1030,C-EAST,27,false,42.18
2025-04-07,SKU-1030,C-EAST,18,false,43.42
2025-04-14,SKU-1030,C-EAST,20,false,43.43
2025-04-21,SKU-1030,C-EAST,26,false,42.12
2025-04-28,SKU-1030,C-EAST,24,false,43.81
2025-05-05,SKU-1030,C-EAST,29,false,42.9
2025-05-12,SKU-1030,C-EAST,22,false,41.68
2025-05-19,SKU-1030,C-EAST,24,false,41.69
2025-05-26,SKU-1030,C-EAST,23,false,42.14
2025-06-02,SKU-1030,C-EAST,21,false,42.69
2025-06-09,SKU-1030,C-EAST,19,false,42.34
2025-06-16,SKU-1030,C-EAST,22,false,42.68
2025-06-23,SKU-1030,C-EAST,26,false,41.48
2025-06-30,SKU-1030,C-EAST,39,false,41.61
2025-07-07,SKU-1030,C-EAST,28,false,43.18
2025-07-14,SKU-1030,C-EAST,25,false,43.75
2025-07-21,SKU-1030,C-EAST,23,false,43.49
2025-07-28,SKU-1030,C-EAST,22,false,41.88
2025-08-04,SKU-1030,C-EAST,24,false,42.87
2025-08-11,SKU-1030,C-EAST,30,false,43.92
2025-08-18,SKU-1030,C-EAST,28,false,43.96
2025-08-25,SKU-1030,C-EAST,29,false,42.82
2025-09-01,SKU-1030,C-EAST,38,false,41.82
2025-09-08,SKU-1030,C-EAST,29,false,41.91
2025-09-15,SKU-1030,C-EAST,22,false,41.49
2025-09-22,SKU-1030,C-EAST,31,false,41.81
2025-09-29,SKU-1030,C-EAST,35,false,43.64
2025-10-06,SKU-1030,C-EAST,38,false,42.26
2025-10-13,SKU-1030,C-EAST,35,false,41.98
2025-10-20,SKU-1030,C-EAST,38,false,42.1
2025-10-27,SKU-1030,C-EAST,27,false,42.65
2025-11-03,SKU-1030,C-EAST,31,false,42.83
2025-11-10,SKU-1030,C-EAST,31,false,42.17
2025-11-17,SKU-1030,C-EAST,34,false,42.73
2025-11-24,SKU-1030,C-EAST,30,false,42.44
2025-12-01,SKU-1030,C-EAST,33,false,43.18
2025-12-08,SKU-1030,C-EAST,42,false,43.69
2025-12-15,SKU-1030,C-EAST,43,false,42.91
2025-12-22,SKU-1030,C-EAST,39,false,43.38
2025-12-29,SKU-1030,C-EAST,29,false,43.86
2026-01-05,SKU-1030,C-EAST,35,false,42.67
2026-01-12,SKU-1030,C-EAST,35,false,43.33
2026-01-19,SKU-1030,C-EAST,35,false,43.51
2026-01-26,SKU-1030,C-EAST,33,false,42.52
2026-02-02,SKU-1030,C-EAST,32,false,42.87
2026-02-09,SKU-1030,C-EAST,33,false,41.58
2026-02-16,SKU-1030,C-EAST,43,false,41.85
2026-02-23,SKU-1030,C-EAST,30,false,42.92
2026-03-02,SKU-1030,C-EAST,28,false,42.17
2026-03-09,SKU-1030,C-EAST,26,false,43.89
2026-03-16,SKU-1030,C-EAST,20,false,42.32
2026-03-23,SKU-1030,C-EAST,29,false,42.25
2026-03-30,SKU-1030,C-EAST,27,false,43.45
2026-04-06,SKU-1030,C-EAST,47,false,43.1
2026-04-13,SKU-1030,C-EAST,29,false,42.37
2026-04-20,SKU-1030,C-EAST,28,false,42.24
2026-04-27,SKU-1030,C-EAST,21,false,41.45
2026-05-04,SKU-1030,C-EAST,23,false,43.46
2026-05-11,SKU-1030,C-EAST,23,false,43.72
2024-11-18,SKU-1030,C-WEST,19,false,42.96
2024-11-25,SKU-1030,C-WEST,21,false,42.77
2024-12-02,SKU-1030,C-WEST,22,false,42.98
2024-12-09,SKU-1030,C-WEST,24,false,43.68
2024-12-16,SKU-1030,C-WEST,25,false,43.71
2024-12-23,SKU-1030,C-WEST,24,false,42.5
2024-12-30,SKU-1030,C-WEST,23,false,42.24
2025-01-06,SKU-1030,C-WEST,23,false,41.92
2025-01-13,SKU-1030,C-WEST,22,false,43.96
2025-01-20,SKU-1030,C-WEST,18,false,42.5
2025-01-27,SKU-1030,C-WEST,18,false,42.26
2025-02-03,SKU-1030,C-WEST,18,false,42.4
2025-02-10,SKU-1030,C-WEST,20,false,43.07
2025-02-17,SKU-1030,C-WEST,19,false,43.61
2025-02-24,SKU-1030,C-WEST,21,false,42.15
2025-03-03,SKU-1030,C-WEST,18,false,43.58
2025-03-10,SKU-1030,C-WEST,14,false,43.77
2025-03-17,SKU-1030,C-WEST,18,false,41.52
2025-03-24,SKU-1030,C-WEST,13,false,41.66
2025-03-31,SKU-1030,C-WEST,15,false,43.48
2025-04-07,SKU-1030,C-WEST,14,false,43.35
2025-04-14,SKU-1030,C-WEST,12,false,42.44
2025-04-21,SKU-1030,C-WEST,13,false,42.99
2025-04-28,SKU-1030,C-WEST,15,false,42.43
2025-05-05,SKU-1030,C-WEST,18,false,43.59
2025-05-12,SKU-1030,C-WEST,14,false,43.9
2025-05-19,SKU-1030,C-WEST,16,false,43.0
2025-05-26,SKU-1030,C-WEST,13,false,41.49
2025-06-02,SKU-1030,C-WEST,10,false,41.69
2025-06-09,SKU-1030,C-WEST,12,false,42.25
2025-06-16,SKU-1030,C-WEST,13,false,41.86
2025-06-23,SKU-1030,C-WEST,14,false,41.91
2025-06-30,SKU-1030,C-WEST,16,false,43.73
2025-07-07,SKU-1030,C-WEST,14,false,43.95
2025-07-14,SKU-1030,C-WEST,15,false,42.08
2025-07-21,SKU-1030,C-WEST,14,false,43.43
2025-07-28,SKU-1030,C-WEST,17,false,41.61
2025-08-04,SKU-1030,C-WEST,18,false,42.26
2025-08-11,SKU-1030,C-WEST,14,false,42.11
2025-08-18,SKU-1030,C-WEST,15,false,41.86
2025-08-25,SKU-1030,C-WEST,17,false,41.74
2025-09-01,SKU-1030,C-WEST,19,false,43.63
2025-09-08,SKU-1030,C-WEST,20,false,43.89
2025-09-15,SKU-1030,C-WEST,18,false,42.48
2025-09-22,SKU-1030,C-WEST,20,false,42.77
2025-09-29,SKU-1030,C-WEST,22,false,42.9
2025-10-06,SKU-1030,C-WEST,17,false,42.24
2025-10-13,SKU-1030,C-WEST,15,false,43.29
2025-10-20,SKU-1030,C-WEST,18,false,42.18
2025-10-27,SKU-1030,C-WEST,25,false,41.63
2025-11-03,SKU-1030,C-WEST,20,false,43.11
2025-11-10,SKU-1030,C-WEST,21,false,43.3
2025-11-17,SKU-1030,C-WEST,23,false,43.91
2025-11-24,SKU-1030,C-WEST,25,false,41.57
2025-12-01,SKU-1030,C-WEST,24,false,43.52
2025-12-08,SKU-1030,C-WEST,24,false,41.9
2025-12-15,SKU-1030,C-WEST,23,false,42.93
2025-12-22,SKU-1030,C-WEST,21,false,42.77
2025-12-29,SKU-1030,C-WEST,23,false,42.22
2026-01-05,SKU-1030,C-WEST,24,false,42.58
2026-01-12,SKU-1030,C-WEST,26,false,43.76
2026-01-19,SKU-1030,C-WEST,24,false,41.98
2026-01-26,SKU-1030,C-WEST,17,false,43.64
2026-02-02,SKU-1030,C-WEST,20,false,42.73
2026-02-09,SKU-1030,C-WEST,27,false,42.13
2026-02-16,SKU-1030,C-WEST,19,false,41.84
2026-02-23,SKU-1030,C-WEST,18,false,43.08
2026-03-02,SKU-1030,C-WEST,22,false,41.8
2026-03-09,SKU-1030,C-WEST,23,false,42.04
2026-03-16,SKU-1030,C-WEST,20,false,43.71
2026-03-23,SKU-1030,C-WEST,20,false,43.11
2026-03-30,SKU-1030,C-WEST,17,false,42.58
2026-04-06,SKU-1030,C-WEST,16,false,41.63
2026-04-13,SKU-1030,C-WEST,15,false,42.52
2026-04-20,SKU-1030,C-WEST,11,false,42.72
2026-04-27,SKU-1030,C-WEST,17,false,41.56
2026-05-04,SKU-1030,C-WEST,22,false,43.08
2026-05-11,SKU-1030,C-WEST,17,false,43.29
2024-11-18,SKU-1031,C-EAST,21,false,40.89
2024-11-25,SKU-1031,C-EAST,23,false,41.5
2024-12-02,SKU-1031,C-EAST,20,false,40.36
2024-12-09,SKU-1031,C-EAST,23,false,39.95
2024-12-16,SKU-1031,C-EAST,29,false,39.98
2024-12-23,SKU-1031,C-EAST,29,false,40.07
2024-12-30,SKU-1031,C-EAST,21,false,41.58
2025-01-06,SKU-1031,C-EAST,23,false,40.78
2025-01-13,SKU-1031,C-EAST,24,false,41.98
2025-01-20,SKU-1031,C-EAST,30,false,40.48
2025-01-27,SKU-1031,C-EAST,25,false,40.67
2025-02-03,SKU-1031,C-EAST,29,false,40.53
2025-02-10,SKU-1031,C-EAST,24,false,40.05
2025-02-17,SKU-1031,C-EAST,23,false,41.06
2025-02-24,SKU-1031,C-EAST,21,false,40.57
2025-03-03,SKU-1031,C-EAST,20,false,42.05
2025-03-10,SKU-1031,C-EAST,25,false,39.99
2025-03-17,SKU-1031,C-EAST,24,false,40.28
2025-03-24,SKU-1031,C-EAST,17,false,39.85
2025-03-31,SKU-1031,C-EAST,16,false,40.99
2025-04-07,SKU-1031,C-EAST,19,false,40.47
2025-04-14,SKU-1031,C-EAST,26,false,40.01
2025-04-21,SKU-1031,C-EAST,21,false,41.28
2025-04-28,SKU-1031,C-EAST,17,false,42.21
2025-05-05,SKU-1031,C-EAST,16,false,40.43
2025-05-12,SKU-1031,C-EAST,16,false,40.09
2025-05-19,SKU-1031,C-EAST,21,false,42.26
2025-05-26,SKU-1031,C-EAST,15,false,41.88
2025-06-02,SKU-1031,C-EAST,20,false,40.18
2025-06-09,SKU-1031,C-EAST,19,false,40.05
2025-06-16,SKU-1031,C-EAST,15,false,40.93
2025-06-23,SKU-1031,C-EAST,20,false,41.63
2025-06-30,SKU-1031,C-EAST,20,false,41.02
2025-07-07,SKU-1031,C-EAST,19,false,40.72
2025-07-14,SKU-1031,C-EAST,25,false,41.57
2025-07-21,SKU-1031,C-EAST,20,false,42.01
2025-07-28,SKU-1031,C-EAST,19,false,42.04
2025-08-04,SKU-1031,C-EAST,15,false,41.29
2025-08-11,SKU-1031,C-EAST,22,false,41.61
2025-08-18,SKU-1031,C-EAST,27,false,39.87
2025-08-25,SKU-1031,C-EAST,26,false,41.44
2025-09-01,SKU-1031,C-EAST,23,false,40.17
2025-09-08,SKU-1031,C-EAST,20,false,41.64
2025-09-15,SKU-1031,C-EAST,21,false,42.22
2025-09-22,SKU-1031,C-EAST,22,false,40.3
2025-09-29,SKU-1031,C-EAST,30,false,42.17
2025-10-06,SKU-1031,C-EAST,23,false,41.98
2025-10-13,SKU-1031,C-EAST,21,false,41.49
2025-10-20,SKU-1031,C-EAST,25,false,42.18
2025-10-27,SKU-1031,C-EAST,23,false,41.12
2025-11-03,SKU-1031,C-EAST,30,false,42.01
2025-11-10,SKU-1031,C-EAST,31,false,40.78
2025-11-17,SKU-1031,C-EAST,19,false,40.58
2025-11-24,SKU-1031,C-EAST,29,false,39.92
2025-12-01,SKU-1031,C-EAST,20,false,41.33
2025-12-08,SKU-1031,C-EAST,21,false,40.89
2025-12-15,SKU-1031,C-EAST,18,false,41.77
2025-12-22,SKU-1031,C-EAST,34,false,40.53
2025-12-29,SKU-1031,C-EAST,32,false,41.51
2026-01-05,SKU-1031,C-EAST,22,false,40.97
2026-01-12,SKU-1031,C-EAST,25,false,41.35
2026-01-19,SKU-1031,C-EAST,27,false,41.45
2026-01-26,SKU-1031,C-EAST,24,false,41.79
2026-02-02,SKU-1031,C-EAST,26,false,39.86
2026-02-09,SKU-1031,C-EAST,27,false,41.28
2026-02-16,SKU-1031,C-EAST,21,false,39.95
2026-02-23,SKU-1031,C-EAST,19,false,41.44
2026-03-02,SKU-1031,C-EAST,24,false,39.82
2026-03-09,SKU-1031,C-EAST,24,false,40.52
2026-03-16,SKU-1031,C-EAST,26,false,41.93
2026-03-23,SKU-1031,C-EAST,20,false,40.2
2026-03-30,SKU-1031,C-EAST,17,false,40.03
2026-04-06,SKU-1031,C-EAST,19,false,40.3
2026-04-13,SKU-1031,C-EAST,31,false,41.26
2026-04-20,SKU-1031,C-EAST,24,false,40.98
2026-04-27,SKU-1031,C-EAST,24,false,40.69
2026-05-04,SKU-1031,C-EAST,23,false,40.86
2026-05-11,SKU-1031,C-EAST,18,false,42.2
2024-11-18,SKU-1031,C-WEST,11,false,40.56
2024-11-25,SKU-1031,C-WEST,11,false,40.58
2024-12-02,SKU-1031,C-WEST,10,false,40.61
2024-12-09,SKU-1031,C-WEST,13,false,41.24
2024-12-16,SKU-1031,C-WEST,11,false,40.15
2024-12-23,SKU-1031,C-WEST,12,false,41.18
2024-12-30,SKU-1031,C-WEST,11,false,41.21
2025-01-06,SKU-1031,C-WEST,11,false,41.37
2025-01-13,SKU-1031,C-WEST,9,false,41.98
2025-01-20,SKU-1031,C-WEST,12,false,40.89
2025-01-27,SKU-1031,C-WEST,12,false,40.59
2025-02-03,SKU-1031,C-WEST,13,false,42.12
2025-02-10,SKU-1031,C-WEST,11,false,40.87
2025-02-17,SKU-1031,C-WEST,10,false,40.85
2025-02-24,SKU-1031,C-WEST,8,false,41.2
2025-03-03,SKU-1031,C-WEST,9,false,42.18
2025-03-10,SKU-1031,C-WEST,9,false,41.33
2025-03-17,SKU-1031,C-WEST,11,false,40.56
2025-03-24,SKU-1031,C-WEST,10,false,40.13
2025-03-31,SKU-1031,C-WEST,10,false,41.16
2025-04-07,SKU-1031,C-WEST,11,false,41.68
2025-04-14,SKU-1031,C-WEST,7,false,40.79
2025-04-21,SKU-1031,C-WEST,9,false,41.81
2025-04-28,SKU-1031,C-WEST,8,false,41.97
2025-05-05,SKU-1031,C-WEST,8,false,39.95
2025-05-12,SKU-1031,C-WEST,10,false,41.86
2025-05-19,SKU-1031,C-WEST,8,false,40.06
2025-05-26,SKU-1031,C-WEST,8,false,40.53
2025-06-02,SKU-1031,C-WEST,7,false,39.97
2025-06-09,SKU-1031,C-WEST,8,false,41.64
2025-06-16,SKU-1031,C-WEST,7,false,39.95
2025-06-23,SKU-1031,C-WEST,7,false,40.32
2025-06-30,SKU-1031,C-WEST,11,false,41.04
2025-07-07,SKU-1031,C-WEST,12,false,40.37
2025-07-14,SKU-1031,C-WEST,8,false,40.56
2025-07-21,SKU-1031,C-WEST,7,false,40.58
2025-07-28,SKU-1031,C-WEST,8,false,41.01
2025-08-04,SKU-1031,C-WEST,9,false,41.51
2025-08-11,SKU-1031,C-WEST,10,false,41.31
2025-08-18,SKU-1031,C-WEST,11,false,40.12
2025-08-25,SKU-1031,C-WEST,10,false,40.99
2025-09-01,SKU-1031,C-WEST,10,false,41.87
2025-09-08,SKU-1031,C-WEST,9,false,40.12
2025-09-15,SKU-1031,C-WEST,11,false,40.81
2025-09-22,SKU-1031,C-WEST,12,false,41.89
2025-09-29,SKU-1031,C-WEST,14,false,41.17
2025-10-06,SKU-1031,C-WEST,14,false,41.93
2025-10-13,SKU-1031,C-WEST,9,false,41.34
2025-10-20,SKU-1031,C-WEST,9,false,40.27
2025-10-27,SKU-1031,C-WEST,11,false,41.83
2025-11-03,SKU-1031,C-WEST,11,false,41.65
2025-11-10,SKU-1031,C-WEST,11,false,41.16
2025-11-17,SKU-1031,C-WEST,12,false,41.46
2025-11-24,SKU-1031,C-WEST,12,false,42.18
2025-12-01,SKU-1031,C-WEST,12,false,40.78
2025-12-08,SKU-1031,C-WEST,14,false,41.54
2025-12-15,SKU-1031,C-WEST,12,false,40.86
2025-12-22,SKU-1031,C-WEST,11,false,39.89
2025-12-29,SKU-1031,C-WEST,10,false,39.85
2026-01-05,SKU-1031,C-WEST,13,false,40.56
2026-01-12,SKU-1031,C-WEST,12,false,41.35
2026-01-19,SKU-1031,C-WEST,10,false,39.92
2026-01-26,SKU-1031,C-WEST,12,false,40.97
2026-02-02,SKU-1031,C-WEST,9,false,41.6
2026-02-09,SKU-1031,C-WEST,9,false,40.7
2026-02-16,SKU-1031,C-WEST,12,false,41.93
2026-02-23,SKU-1031,C-WEST,10,false,41.56
2026-03-02,SKU-1031,C-WEST,9,false,40.78
2026-03-09,SKU-1031,C-WEST,12,false,40.69
2026-03-16,SKU-1031,C-WEST,8,false,41.59
2026-03-23,SKU-1031,C-WEST,7,false,41.76
2026-03-30,SKU-1031,C-WEST,9,false,40.5
2026-04-06,SKU-1031,C-WEST,8,false,40.79
2026-04-13,SKU-1031,C-WEST,9,false,42.08
2026-04-20,SKU-1031,C-WEST,8,false,40.98
2026-04-27,SKU-1031,C-WEST,8,false,41.44
2026-05-04,SKU-1031,C-WEST,7,false,41.73
2026-05-11,SKU-1031,C-WEST,6,false,41.11
2025-11-10,SKU-1032,C-EAST,8,false,43.87
2025-11-17,SKU-1032,C-EAST,12,false,46.05
2025-11-24,SKU-1032,C-EAST,17,false,44.03
2025-12-01,SKU-1032,C-EAST,23,false,46.28
2025-12-08,SKU-1032,C-EAST,20,false,46.4
2025-12-15,SKU-1032,C-EAST,26,false,45.93
2025-12-22,SKU-1032,C-EAST,21,false,46.18
2025-12-29,SKU-1032,C-EAST,19,false,44.22
2026-01-05,SKU-1032,C-EAST,23,false,44.88
2026-01-12,SKU-1032,C-EAST,19,false,43.92
2026-01-19,SKU-1032,C-EAST,25,false,46.04
2026-01-26,SKU-1032,C-EAST,21,false,43.94
2026-02-02,SKU-1032,C-EAST,26,false,46.02
2026-02-09,SKU-1032,C-EAST,20,false,46.25
2026-02-16,SKU-1032,C-EAST,17,false,44.77
2026-02-23,SKU-1032,C-EAST,23,false,46.42
2026-03-02,SKU-1032,C-EAST,19,false,44.43
2026-03-09,SKU-1032,C-EAST,32,true,37.55
2026-03-16,SKU-1032,C-EAST,37,true,36.06
2026-03-23,SKU-1032,C-EAST,40,true,39.58
2026-03-30,SKU-1032,C-EAST,36,true,38.33
2026-04-06,SKU-1032,C-EAST,19,false,45.45
2026-04-13,SKU-1032,C-EAST,17,false,45.94
2026-04-20,SKU-1032,C-EAST,15,false,46.16
2026-04-27,SKU-1032,C-EAST,17,false,45.23
2026-05-04,SKU-1032,C-EAST,19,false,43.94
2026-05-11,SKU-1032,C-EAST,26,false,46.21
2025-11-10,SKU-1032,C-WEST,7,false,45.48
2025-11-17,SKU-1032,C-WEST,5,false,45.29
2025-11-24,SKU-1032,C-WEST,9,false,45.03
2025-12-01,SKU-1032,C-WEST,11,false,45.26
2025-12-08,SKU-1032,C-WEST,23,false,44.12
2025-12-15,SKU-1032,C-WEST,26,false,44.76
2025-12-22,SKU-1032,C-WEST,19,false,43.94
2025-12-29,SKU-1032,C-WEST,22,false,44.55
2026-01-05,SKU-1032,C-WEST,19,false,44.07
2026-01-12,SKU-1032,C-WEST,14,false,44.64
2026-01-19,SKU-1032,C-WEST,50,true,36.39
2026-01-26,SKU-1032,C-WEST,55,true,36.54
2026-02-02,SKU-1032,C-WEST,12,false,45.65
2026-02-09,SKU-1032,C-WEST,19,false,46.37
2026-02-16,SKU-1032,C-WEST,16,false,43.95
2026-02-23,SKU-1032,C-WEST,12,false,46.27
2026-03-02,SKU-1032,C-WEST,12,false,45.1
2026-03-09,SKU-1032,C-WEST,12,false,45.63
2026-03-16,SKU-1032,C-WEST,13,false,44.05
2026-03-23,SKU-1032,C-WEST,9,false,44.46
2026-03-30,SKU-1032,C-WEST,12,false,43.83
2026-04-06,SKU-1032,C-WEST,12,false,44.65
2026-04-13,SKU-1032,C-WEST,13,false,45.82
2026-04-20,SKU-1032,C-WEST,15,false,45.73
2026-04-27,SKU-1032,C-WEST,15,false,46.25
2026-05-04,SKU-1032,C-WEST,11,false,44.38
2026-05-11,SKU-1032,C-WEST,10,false,43.94
2024-11-18,SKU-1033,C-EAST,26,false,27.71
2024-11-25,SKU-1033,C-EAST,19,false,27.14
2024-12-02,SKU-1033,C-EAST,16,false,27.06
2024-12-09,SKU-1033,C-EAST,16,false,27.7
2024-12-16,SKU-1033,C-EAST,19,false,26.23
2024-12-23,SKU-1033,C-EAST,19,false,26.99
2024-12-30,SKU-1033,C-EAST,18,false,26.66
2025-01-06,SKU-1033,C-EAST,13,false,27.55
2025-01-13,SKU-1033,C-EAST,15,false,26.26
2025-01-20,SKU-1033,C-EAST,16,false,27.42
2025-01-27,SKU-1033,C-EAST,25,false,27.56
2025-02-03,SKU-1033,C-EAST,19,false,27.27
2025-02-10,SKU-1033,C-EAST,25,false,26.26
2025-02-17,SKU-1033,C-EAST,26,false,27.41
2025-02-24,SKU-1033,C-EAST,30,false,26.86
2025-03-03,SKU-1033,C-EAST,25,false,26.39
2025-03-10,SKU-1033,C-EAST,26,false,27.76
2025-03-17,SKU-1033,C-EAST,46,false,26.77
2025-03-24,SKU-1033,C-EAST,42,false,26.26
2025-03-31,SKU-1033,C-EAST,36,false,26.55
2025-04-07,SKU-1033,C-EAST,33,false,27.38
2025-04-14,SKU-1033,C-EAST,43,false,27.61
2025-04-21,SKU-1033,C-EAST,65,false,27.77
2025-04-28,SKU-1033,C-EAST,53,false,26.19
2025-05-05,SKU-1033,C-EAST,58,false,26.29
2025-05-12,SKU-1033,C-EAST,40,false,26.38
2025-05-19,SKU-1033,C-EAST,53,false,26.74
2025-05-26,SKU-1033,C-EAST,66,false,27.23
2025-06-02,SKU-1033,C-EAST,56,false,27.15
2025-06-09,SKU-1033,C-EAST,80,false,26.95
2025-06-16,SKU-1033,C-EAST,68,false,26.58
2025-06-23,SKU-1033,C-EAST,56,false,27.05
2025-06-30,SKU-1033,C-EAST,46,false,26.75
2025-07-07,SKU-1033,C-EAST,63,false,27.65
2025-07-14,SKU-1033,C-EAST,66,false,27.69
2025-07-21,SKU-1033,C-EAST,88,false,27.43
2025-07-28,SKU-1033,C-EAST,59,false,27.02
2025-08-04,SKU-1033,C-EAST,61,false,26.6
2025-08-11,SKU-1033,C-EAST,48,false,26.26
2025-08-18,SKU-1033,C-EAST,44,false,27.63
2025-08-25,SKU-1033,C-EAST,57,false,26.62
2025-09-01,SKU-1033,C-EAST,41,false,26.5
2025-09-08,SKU-1033,C-EAST,58,false,26.54
2025-09-15,SKU-1033,C-EAST,50,false,27.37
2025-09-22,SKU-1033,C-EAST,37,false,27.49
2025-09-29,SKU-1033,C-EAST,43,false,26.4
2025-10-06,SKU-1033,C-EAST,45,false,27.22
2025-10-13,SKU-1033,C-EAST,36,false,26.91
2025-10-20,SKU-1033,C-EAST,35,false,26.23
2025-10-27,SKU-1033,C-EAST,27,false,26.62
2025-11-03,SKU-1033,C-EAST,49,true,21.32
2025-11-10,SKU-1033,C-EAST,31,false,26.62
2025-11-17,SKU-1033,C-EAST,20,false,27.57
2025-11-24,SKU-1033,C-EAST,19,false,26.79
2025-12-01,SKU-1033,C-EAST,20,false,26.47
2025-12-08,SKU-1033,C-EAST,15,false,26.87
2025-12-15,SKU-1033,C-EAST,16,false,27.05
2025-12-22,SKU-1033,C-EAST,16,false,26.73
2025-12-29,SKU-1033,C-EAST,25,false,27.62
2026-01-05,SKU-1033,C-EAST,20,false,27.66
2026-01-12,SKU-1033,C-EAST,20,false,27.13
2026-01-19,SKU-1033,C-EAST,15,false,27.4
2026-01-26,SKU-1033,C-EAST,17,false,26.87
2026-02-02,SKU-1033,C-EAST,27,false,26.86
2026-02-09,SKU-1033,C-EAST,24,false,26.26
2026-02-16,SKU-1033,C-EAST,23,false,26.35
2026-02-23,SKU-1033,C-EAST,21,false,27.27
2026-03-02,SKU-1033,C-EAST,30,false,27.56
2026-03-09,SKU-1033,C-EAST,37,false,27.1
2026-03-16,SKU-1033,C-EAST,37,false,27.09
2026-03-23,SKU-1033,C-EAST,40,false,26.79
2026-03-30,SKU-1033,C-EAST,44,false,27.38
2026-04-06,SKU-1033,C-EAST,44,false,26.2
2026-04-13,SKU-1033,C-EAST,45,false,27.46
2026-04-20,SKU-1033,C-EAST,63,false,26.58
2026-04-27,SKU-1033,C-EAST,61,false,27.05
2026-05-04,SKU-1033,C-EAST,63,false,27.17
2026-05-11,SKU-1033,C-EAST,74,false,26.76
2024-11-18,SKU-1033,C-WEST,7,false,27.48
2024-11-25,SKU-1033,C-WEST,6,false,27.15
2024-12-02,SKU-1033,C-WEST,8,false,26.69
2024-12-09,SKU-1033,C-WEST,8,false,26.6
2024-12-16,SKU-1033,C-WEST,10,false,26.88
2024-12-23,SKU-1033,C-WEST,8,false,26.93
2024-12-30,SKU-1033,C-WEST,9,false,27.54
2025-01-06,SKU-1033,C-WEST,8,false,26.52
2025-01-13,SKU-1033,C-WEST,9,false,26.62
2025-01-20,SKU-1033,C-WEST,8,false,27.16
2025-01-27,SKU-1033,C-WEST,10,false,26.46
2025-02-03,SKU-1033,C-WEST,10,false,27.41
2025-02-10,SKU-1033,C-WEST,11,false,26.38
2025-02-17,SKU-1033,C-WEST,15,false,27.19
2025-02-24,SKU-1033,C-WEST,15,false,26.25
2025-03-03,SKU-1033,C-WEST,13,false,26.36
2025-03-10,SKU-1033,C-WEST,15,false,27.56
2025-03-17,SKU-1033,C-WEST,18,false,27.11
2025-03-24,SKU-1033,C-WEST,22,false,26.27
2025-03-31,SKU-1033,C-WEST,20,false,27.33
2025-04-07,SKU-1033,C-WEST,19,false,27.27
2025-04-14,SKU-1033,C-WEST,30,false,27.56
2025-04-21,SKU-1033,C-WEST,16,false,27.14
2025-04-28,SKU-1033,C-WEST,26,false,26.74
2025-05-05,SKU-1033,C-WEST,24,false,27.0
2025-05-12,SKU-1033,C-WEST,26,false,26.55
2025-05-19,SKU-1033,C-WEST,28,false,27.5
2025-05-26,SKU-1033,C-WEST,30,false,26.84
2025-06-02,SKU-1033,C-WEST,23,false,26.4
2025-06-09,SKU-1033,C-WEST,19,false,26.7
2025-06-16,SKU-1033,C-WEST,25,false,26.83
2025-06-23,SKU-1033,C-WEST,23,false,27.23
2025-06-30,SKU-1033,C-WEST,19,false,27.18
2025-07-07,SKU-1033,C-WEST,35,false,26.43
2025-07-14,SKU-1033,C-WEST,44,false,27.65
2025-07-21,SKU-1033,C-WEST,28,false,26.21
2025-07-28,SKU-1033,C-WEST,19,false,27.0
2025-08-04,SKU-1033,C-WEST,18,false,27.43
2025-08-11,SKU-1033,C-WEST,20,false,26.73
2025-08-18,SKU-1033,C-WEST,24,false,26.52
2025-08-25,SKU-1033,C-WEST,25,false,27.35
2025-09-01,SKU-1033,C-WEST,21,false,26.79
2025-09-08,SKU-1033,C-WEST,19,false,26.3
2025-09-15,SKU-1033,C-WEST,18,false,27.69
2025-09-22,SKU-1033,C-WEST,18,false,27.1
2025-09-29,SKU-1033,C-WEST,18,false,27.06
2025-10-06,SKU-1033,C-WEST,17,false,27.54
2025-10-13,SKU-1033,C-WEST,19,false,27.02
2025-10-20,SKU-1033,C-WEST,14,false,27.02
2025-10-27,SKU-1033,C-WEST,11,false,26.88
2025-11-03,SKU-1033,C-WEST,29,true,21.99
2025-11-10,SKU-1033,C-WEST,12,false,26.57
2025-11-17,SKU-1033,C-WEST,9,false,26.76
2025-11-24,SKU-1033,C-WEST,11,false,26.91
2025-12-01,SKU-1033,C-WEST,8,false,26.56
2025-12-08,SKU-1033,C-WEST,9,false,27.36
2025-12-15,SKU-1033,C-WEST,10,false,26.74
2025-12-22,SKU-1033,C-WEST,6,false,26.99
2025-12-29,SKU-1033,C-WEST,8,false,27.15
2026-01-05,SKU-1033,C-WEST,7,false,26.9
2026-01-12,SKU-1033,C-WEST,8,false,27.51
2026-01-19,SKU-1033,C-WEST,11,false,26.37
2026-01-26,SKU-1033,C-WEST,7,false,26.83
2026-02-02,SKU-1033,C-WEST,9,false,27.12
2026-02-09,SKU-1033,C-WEST,10,false,26.64
2026-02-16,SKU-1033,C-WEST,11,false,26.68
2026-02-23,SKU-1033,C-WEST,13,false,27.76
2026-03-02,SKU-1033,C-WEST,15,false,27.1
2026-03-09,SKU-1033,C-WEST,12,false,27.63
2026-03-16,SKU-1033,C-WEST,14,false,27.59
2026-03-23,SKU-1033,C-WEST,14,false,26.6
2026-03-30,SKU-1033,C-WEST,14,false,27.07
2026-04-06,SKU-1033,C-WEST,20,false,26.38
2026-04-13,SKU-1033,C-WEST,16,false,26.23
2026-04-20,SKU-1033,C-WEST,21,false,27.77
2026-04-27,SKU-1033,C-WEST,24,false,26.38
2026-05-04,SKU-1033,C-WEST,29,false,27.63
2026-05-11,SKU-1033,C-WEST,21,false,26.74
2026-03-02,SKU-1034,C-EAST,11,false,56.36
2026-03-09,SKU-1034,C-EAST,12,false,56.44
2026-03-16,SKU-1034,C-EAST,43,true,48.69
2026-03-23,SKU-1034,C-EAST,46,true,46.11
2026-03-30,SKU-1034,C-EAST,27,false,55.88
2026-04-06,SKU-1034,C-EAST,35,false,57.18
2026-04-13,SKU-1034,C-EAST,34,false,54.82
2026-04-20,SKU-1034,C-EAST,40,false,54.99
2026-04-27,SKU-1034,C-EAST,41,false,57.52
2026-05-04,SKU-1034,C-EAST,24,false,54.65
2026-05-11,SKU-1034,C-EAST,36,false,55.61
2026-03-02,SKU-1034,C-WEST,5,false,56.55
2026-03-09,SKU-1034,C-WEST,8,false,56.08
2026-03-16,SKU-1034,C-WEST,32,true,47.67
2026-03-23,SKU-1034,C-WEST,43,true,45.72
2026-03-30,SKU-1034,C-WEST,17,false,55.52
2026-04-06,SKU-1034,C-WEST,16,false,56.32
2026-04-13,SKU-1034,C-WEST,16,false,57.21
2026-04-20,SKU-1034,C-WEST,20,false,55.44
2026-04-27,SKU-1034,C-WEST,28,false,54.97
2026-05-04,SKU-1034,C-WEST,29,false,56.84
2026-05-11,SKU-1034,C-WEST,31,false,57.7
2026-01-05,SKU-2017,C-EAST,7,false,34.5
2026-01-12,SKU-2017,C-EAST,9,false,34.83
2026-01-19,SKU-2017,C-EAST,8,false,34.86
2026-01-26,SKU-2017,C-EAST,25,false,36.19
2026-02-02,SKU-2017,C-EAST,25,false,36.21
2026-02-09,SKU-2017,C-EAST,22,false,35.66
2026-02-16,SKU-2017,C-EAST,23,false,36.03
2026-02-23,SKU-2017,C-EAST,27,false,35.85
2026-03-02,SKU-2017,C-EAST,30,false,36.28
2026-03-09,SKU-2017,C-EAST,28,false,35.39
2026-03-16,SKU-2017,C-EAST,27,false,36.01
2026-03-23,SKU-2017,C-EAST,25,false,34.31
2026-03-30,SKU-2017,C-EAST,44,true,35.46
2026-04-06,SKU-2017,C-EAST,50,true,35.8
2026-04-13,SKU-2017,C-EAST,31,true,34.88
2026-04-20,SKU-2017,C-EAST,45,true,34.48
2026-04-27,SKU-2017,C-EAST,34,false,35.19
2026-05-04,SKU-2017,C-EAST,27,false,35.17
2026-05-11,SKU-2017,C-EAST,34,false,36.35
2026-01-05,SKU-2017,C-WEST,5,false,35.8
2026-01-12,SKU-2017,C-WEST,6,false,34.42
2026-01-19,SKU-2017,C-WEST,8,false,35.93
2026-01-26,SKU-2017,C-WEST,11,false,35.32
2026-02-02,SKU-2017,C-WEST,11,false,34.84
2026-02-09,SKU-2017,C-WEST,12,false,35.9
2026-02-16,SKU-2017,C-WEST,16,false,35.75
2026-02-23,SKU-2017,C-WEST,43,true,29.38
2026-03-02,SKU-2017,C-WEST,19,false,36.23
2026-03-09,SKU-2017,C-WEST,26,false,36.03
2026-03-16,SKU-2017,C-WEST,15,false,35.65
2026-03-23,SKU-2017,C-WEST,18,false,35.59
2026-03-30,SKU-2017,C-WEST,30,true,34.27
2026-04-06,SKU-2017,C-WEST,40,true,36.25
2026-04-13,SKU-2017,C-WEST,38,true,35.68
2026-04-20,SKU-2017,C-WEST,39,true,35.97
2026-04-27,SKU-2017,C-WEST,26,false,35.8
2026-05-04,SKU-2017,C-WEST,23,false,36.11
2026-05-11,SKU-2017,C-WEST,26,false,36.27
2025-12-22,SKU-2099,C-EAST,16,false,56.76
2025-12-29,SKU-2099,C-EAST,16,false,57.6
2026-01-05,SKU-2099,C-EAST,23,false,58.17
2026-01-12,SKU-2099,C-EAST,28,false,58.36
2026-01-19,SKU-2099,C-EAST,29,false,56.77
2026-01-26,SKU-2099,C-EAST,31,false,57.19
2026-02-02,SKU-2099,C-EAST,53,false,57.83
2026-02-09,SKU-2099,C-EAST,59,false,58.91
2026-02-16,SKU-2099,C-EAST,48,false,57.81
2026-02-23,SKU-2099,C-EAST,57,false,56.48
2026-03-02,SKU-2099,C-EAST,57,false,58.77
2026-03-09,SKU-2099,C-EAST,62,false,57.14
2026-03-16,SKU-2099,C-EAST,51,false,58.44
2026-03-23,SKU-2099,C-EAST,52,false,56.55
2026-03-30,SKU-2099,C-EAST,62,false,56.54
2026-04-06,SKU-2099,C-EAST,58,false,58.56
2026-04-13,SKU-2099,C-EAST,69,false,57.82
2026-04-20,SKU-2099,C-EAST,62,false,58.94
2026-04-27,SKU-2099,C-EAST,79,false,56.96
2026-05-04,SKU-2099,C-EAST,99,false,57.15
2026-05-11,SKU-2099,C-EAST,80,false,58.86
2025-12-22,SKU-2099,C-WEST,6,false,56.35
2025-12-29,SKU-2099,C-WEST,8,false,57.25
2026-01-05,SKU-2099,C-WEST,9,false,57.5
2026-01-12,SKU-2099,C-WEST,12,false,59.31
2026-01-19,SKU-2099,C-WEST,14,false,57.08
2026-01-26,SKU-2099,C-WEST,13,false,58.99
2026-02-02,SKU-2099,C-WEST,14,false,57.21
2026-02-09,SKU-2099,C-WEST,14,false,56.72
2026-02-16,SKU-2099,C-WEST,17,false,56.86
2026-02-23,SKU-2099,C-WEST,14,false,58.27
2026-03-02,SKU-2099,C-WEST,17,false,57.29
2026-03-09,SKU-2099,C-WEST,20,false,58.65
2026-03-16,SKU-2099,C-WEST,20,false,58.93
2026-03-23,SKU-2099,C-WEST,22,false,59.31
2026-03-30,SKU-2099,C-WEST,26,false,58.81
2026-04-06,SKU-2099,C-WEST,22,false,57.94
2026-04-13,SKU-2099,C-WEST,26,false,57.4
2026-04-20,SKU-2099,C-WEST,33,false,58.0
2026-04-27,SKU-2099,C-WEST,34,false,59.13
2026-05-04,SKU-2099,C-WEST,32,false,59.31
2026-05-11,SKU-2099,C-WEST,39,false,57.29
2024-11-18,SKU-1037,C-EAST,84,false,29.5
2024-11-25,SKU-1037,C-EAST,66,false,30.03
2024-12-02,SKU-1037,C-EAST,53,false,29.86
2024-12-09,SKU-1037,C-EAST,56,false,29.73
2024-12-16,SKU-1037,C-EAST,56,false,29.81
2024-12-23,SKU-1037,C-EAST,55,false,29.54
2024-12-30,SKU-1037,C-EAST,59,false,29.55
2025-01-06,SKU-1037,C-EAST,61,false,30.66
2025-01-13,SKU-1037,C-EAST,53,false,29.45
2025-01-20,SKU-1037,C-EAST,59,false,30.62
2025-01-27,SKU-1037,C-EAST,41,false,29.34
2025-02-03,SKU-1037,C-EAST,36,false,30.82
2025-02-10,SKU-1037,C-EAST,43,false,30.65
2025-02-17,SKU-1037,C-EAST,43,false,30.75
2025-02-24,SKU-1037,C-EAST,45,false,29.88
2025-03-03,SKU-1037,C-EAST,41,false,29.9
2025-03-10,SKU-1037,C-EAST,32,false,29.81
2025-03-17,SKU-1037,C-EAST,31,false,29.68
2025-03-24,SKU-1037,C-EAST,30,false,30.17
2025-03-31,SKU-1037,C-EAST,39,false,29.84
2025-04-07,SKU-1037,C-EAST,35,false,30.33
2025-04-14,SKU-1037,C-EAST,30,false,30.19
2025-04-21,SKU-1037,C-EAST,24,false,29.76
2025-04-28,SKU-1037,C-EAST,19,false,29.34
2025-05-05,SKU-1037,C-EAST,17,false,29.99
2025-05-12,SKU-1037,C-EAST,26,false,30.3
2025-05-19,SKU-1037,C-EAST,22,false,31.08
2025-05-26,SKU-1037,C-EAST,18,false,30.03
2025-06-02,SKU-1037,C-EAST,19,false,30.33
2025-06-09,SKU-1037,C-EAST,21,false,30.48
2025-06-16,SKU-1037,C-EAST,18,false,31.08
2025-06-23,SKU-1037,C-EAST,29,false,29.49
2025-06-30,SKU-1037,C-EAST,28,false,30.2
2025-07-07,SKU-1037,C-EAST,27,false,29.77
2025-07-14,SKU-1037,C-EAST,24,false,30.17
2025-07-21,SKU-1037,C-EAST,30,false,30.62
2025-07-28,SKU-1037,C-EAST,26,false,30.7
2025-08-04,SKU-1037,C-EAST,33,false,29.77
2025-08-11,SKU-1037,C-EAST,34,false,29.59
2025-08-18,SKU-1037,C-EAST,42,false,29.9
2025-08-25,SKU-1037,C-EAST,31,false,29.32
2025-09-01,SKU-1037,C-EAST,36,false,30.57
2025-09-08,SKU-1037,C-EAST,42,false,30.3
2025-09-15,SKU-1037,C-EAST,40,false,29.88
2025-09-22,SKU-1037,C-EAST,44,false,30.6
2025-09-29,SKU-1037,C-EAST,45,false,30.25
2025-10-06,SKU-1037,C-EAST,59,false,29.46
2025-10-13,SKU-1037,C-EAST,33,false,29.5
2025-10-20,SKU-1037,C-EAST,56,false,30.69
2025-10-27,SKU-1037,C-EAST,63,false,29.61
2025-11-03,SKU-1037,C-EAST,69,false,30.11
2025-11-10,SKU-1037,C-EAST,53,false,31.08
2025-11-17,SKU-1037,C-EAST,61,false,29.62
2025-11-24,SKU-1037,C-EAST,60,false,30.77
2025-12-01,SKU-1037,C-EAST,55,false,30.31
2025-12-08,SKU-1037,C-EAST,60,false,30.04
2025-12-15,SKU-1037,C-EAST,63,false,29.85
2025-12-22,SKU-1037,C-EAST,67,false,30.99
2025-12-29,SKU-1037,C-EAST,49,false,30.43
2026-01-05,SKU-1037,C-EAST,42,false,29.99
2026-01-12,SKU-1037,C-EAST,74,false,30.26
2026-01-19,SKU-1037,C-EAST,54,false,29.68
2026-01-26,SKU-1037,C-EAST,46,false,30.26
2026-02-02,SKU-1037,C-EAST,43,false,29.77
2026-02-09,SKU-1037,C-EAST,36,false,30.99
2026-02-16,SKU-1037,C-EAST,48,false,30.62
2026-02-23,SKU-1037,C-EAST,46,false,30.26
2026-03-02,SKU-1037,C-EAST,37,false,30.82
2026-03-09,SKU-1037,C-EAST,38,false,29.59
2026-03-16,SKU-1037,C-EAST,33,false,29.43
2026-03-23,SKU-1037,C-EAST,32,false,29.65
2026-03-30,SKU-1037,C-EAST,25,false,30.57
2026-04-06,SKU-1037,C-EAST,23,false,29.42
2026-04-13,SKU-1037,C-EAST,25,false,30.16
2026-04-20,SKU-1037,C-EAST,24,false,30.33
2026-04-27,SKU-1037,C-EAST,23,false,29.72
2026-05-04,SKU-1037,C-EAST,15,false,29.81
2026-05-11,SKU-1037,C-EAST,13,false,30.8
2024-11-18,SKU-1037,C-WEST,47,false,29.87
2024-11-25,SKU-1037,C-WEST,36,false,30.45
2024-12-02,SKU-1037,C-WEST,37,false,30.29
2024-12-09,SKU-1037,C-WEST,55,false,30.51
2024-12-16,SKU-1037,C-WEST,46,false,30.64
2024-12-23,SKU-1037,C-WEST,48,false,29.82
2024-12-30,SKU-1037,C-WEST,38,false,30.76
2025-01-06,SKU-1037,C-WEST,40,false,30.38
2025-01-13,SKU-1037,C-WEST,34,false,30.71
2025-01-20,SKU-1037,C-WEST,29,false,30.39
2025-01-27,SKU-1037,C-WEST,30,false,30.89
2025-02-03,SKU-1037,C-WEST,42,false,30.53
2025-02-10,SKU-1037,C-WEST,30,false,30.73
2025-02-17,SKU-1037,C-WEST,34,false,31.11
2025-02-24,SKU-1037,C-WEST,39,false,29.58
2025-03-03,SKU-1037,C-WEST,30,false,29.61
2025-03-10,SKU-1037,C-WEST,28,false,30.94
2025-03-17,SKU-1037,C-WEST,18,false,29.41
2025-03-24,SKU-1037,C-WEST,15,false,30.52
2025-03-31,SKU-1037,C-WEST,17,false,29.91
2025-04-07,SKU-1037,C-WEST,16,false,30.33
2025-04-14,SKU-1037,C-WEST,18,false,30.0
2025-04-21,SKU-1037,C-WEST,15,false,29.88
2025-04-28,SKU-1037,C-WEST,17,false,30.26
2025-05-05,SKU-1037,C-WEST,10,false,30.84
2025-05-12,SKU-1037,C-WEST,13,false,31.05
2025-05-19,SKU-1037,C-WEST,16,false,30.6
2025-05-26,SKU-1037,C-WEST,11,false,30.84
2025-06-02,SKU-1037,C-WEST,10,false,30.74
2025-06-09,SKU-1037,C-WEST,11,false,30.56
2025-06-16,SKU-1037,C-WEST,11,false,29.94
2025-06-23,SKU-1037,C-WEST,14,false,29.36
2025-06-30,SKU-1037,C-WEST,13,false,30.53
2025-07-07,SKU-1037,C-WEST,20,false,30.63
2025-07-14,SKU-1037,C-WEST,20,false,31.12
2025-07-21,SKU-1037,C-WEST,23,false,31.02
2025-07-28,SKU-1037,C-WEST,19,false,30.67
2025-08-04,SKU-1037,C-WEST,23,false,29.33
2025-08-11,SKU-1037,C-WEST,16,false,29.32
2025-08-18,SKU-1037,C-WEST,23,false,29.88
2025-08-25,SKU-1037,C-WEST,29,false,29.77
2025-09-01,SKU-1037,C-WEST,27,false,30.98
2025-09-08,SKU-1037,C-WEST,31,false,29.81
2025-09-15,SKU-1037,C-WEST,33,false,30.18
2025-09-22,SKU-1037,C-WEST,43,false,29.77
2025-09-29,SKU-1037,C-WEST,54,false,30.45
2025-10-06,SKU-1037,C-WEST,42,false,30.88
2025-10-13,SKU-1037,C-WEST,31,false,31.0
2025-10-20,SKU-1037,C-WEST,40,false,30.2
2025-10-27,SKU-1037,C-WEST,34,false,30.17
2025-11-03,SKU-1037,C-WEST,44,false,30.78
2025-11-10,SKU-1037,C-WEST,36,false,29.38
2025-11-17,SKU-1037,C-WEST,46,false,29.59
2025-11-24,SKU-1037,C-WEST,46,false,30.65
2025-12-01,SKU-1037,C-WEST,49,false,30.07
2025-12-08,SKU-1037,C-WEST,37,false,30.85
2025-12-15,SKU-1037,C-WEST,127,true,29.43
2025-12-22,SKU-1037,C-WEST,109,true,29.49
2025-12-29,SKU-1037,C-WEST,59,true,29.67
2026-01-05,SKU-1037,C-WEST,82,true,30.43
2026-01-12,SKU-1037,C-WEST,49,false,30.85
2026-01-19,SKU-1037,C-WEST,35,false,29.89
2026-01-26,SKU-1037,C-WEST,33,false,30.38
2026-02-02,SKU-1037,C-WEST,28,false,31.03
2026-02-09,SKU-1037,C-WEST,23,false,30.04
2026-02-16,SKU-1037,C-WEST,29,false,30.83
2026-02-23,SKU-1037,C-WEST,39,false,30.81
2026-03-02,SKU-1037,C-WEST,24,false,30.22
2026-03-09,SKU-1037,C-WEST,23,false,30.12
2026-03-16,SKU-1037,C-WEST,19,false,29.81
2026-03-23,SKU-1037,C-WEST,22,false,29.63
2026-03-30,SKU-1037,C-WEST,21,false,30.67
2026-04-06,SKU-1037,C-WEST,18,false,29.81
2026-04-13,SKU-1037,C-WEST,17,false,29.95
2026-04-20,SKU-1037,C-WEST,14,false,30.58
2026-04-27,SKU-1037,C-WEST,17,false,30.34
2026-05-04,SKU-1037,C-WEST,13,false,29.48
2026-05-11,SKU-1037,C-WEST,13,false,30.64
2025-12-08,SKU-1038,C-EAST,32,false,58.66
2025-12-15,SKU-1038,C-EAST,36,false,57.62
2025-12-22,SKU-1038,C-EAST,41,false,60.3
2025-12-29,SKU-1038,C-EAST,45,false,59.6
2026-01-05,SKU-1038,C-EAST,56,false,60.01
2026-01-12,SKU-1038,C-EAST,55,false,57.8
2026-01-19,SKU-1038,C-EAST,86,false,57.96
2026-01-26,SKU-1038,C-EAST,58,false,57.82
2026-02-02,SKU-1038,C-EAST,62,false,57.99
2026-02-09,SKU-1038,C-EAST,66,false,60.46
2026-02-16,SKU-1038,C-EAST,45,false,59.8
2026-02-23,SKU-1038,C-EAST,47,false,58.27
2026-03-02,SKU-1038,C-EAST,37,false,58.56
2026-03-09,SKU-1038,C-EAST,42,false,59.6
2026-03-16,SKU-1038,C-EAST,38,false,60.28
2026-03-23,SKU-1038,C-EAST,46,false,57.46
2026-03-30,SKU-1038,C-EAST,41,false,59.23
2026-04-06,SKU-1038,C-EAST,32,false,58.07
2026-04-13,SKU-1038,C-EAST,28,false,60.2
2026-04-20,SKU-1038,C-EAST,23,false,60.15
2026-04-27,SKU-1038,C-EAST,32,false,59.11
2026-05-04,SKU-1038,C-EAST,31,false,60.27
2026-05-11,SKU-1038,C-EAST,37,false,60.07
2025-12-08,SKU-1038,C-WEST,22,false,58.24
2025-12-15,SKU-1038,C-WEST,36,false,57.74
2025-12-22,SKU-1038,C-WEST,37,false,59.66
2025-12-29,SKU-1038,C-WEST,44,false,59.41
2026-01-05,SKU-1038,C-WEST,51,false,58.65
2026-01-12,SKU-1038,C-WEST,30,false,57.45
2026-01-19,SKU-1038,C-WEST,41,false,59.81
2026-01-26,SKU-1038,C-WEST,29,false,57.36
2026-02-02,SKU-1038,C-WEST,26,false,58.82
2026-02-09,SKU-1038,C-WEST,32,false,57.68
2026-02-16,SKU-1038,C-WEST,40,false,60.57
2026-02-23,SKU-1038,C-WEST,34,false,57.99
2026-03-02,SKU-1038,C-WEST,32,false,57.4
2026-03-09,SKU-1038,C-WEST,26,false,59.37
2026-03-16,SKU-1038,C-WEST,20,false,58.87
2026-03-23,SKU-1038,C-WEST,19,false,58.22
2026-03-30,SKU-1038,C-WEST,23,false,58.65
2026-04-06,SKU-1038,C-WEST,20,false,58.39
2026-04-13,SKU-1038,C-WEST,24,false,60.77
2026-04-20,SKU-1038,C-WEST,26,false,60.52
2026-04-27,SKU-1038,C-WEST,17,false,59.12
2026-05-04,SKU-1038,C-WEST,15,false,60.71
2026-05-11,SKU-1038,C-WEST,22,false,58.75
2024-11-18,SKU-1039,C-EAST,23,false,13.54
2024-11-25,SKU-1039,C-EAST,16,false,14.18
2024-12-02,SKU-1039,C-EAST,17,false,13.65
2024-12-09,SKU-1039,C-EAST,19,false,14.17
2024-12-16,SKU-1039,C-EAST,22,false,14.01
2024-12-23,SKU-1039,C-EAST,21,false,14.04
2024-12-30,SKU-1039,C-EAST,14,false,13.38
2025-01-06,SKU-1039,C-EAST,15,false,13.5
2025-01-13,SKU-1039,C-EAST,17,false,13.44
2025-01-20,SKU-1039,C-EAST,19,false,13.57
2025-01-27,SKU-1039,C-EAST,18,false,13.58
2025-02-03,SKU-1039,C-EAST,19,false,13.94
2025-02-10,SKU-1039,C-EAST,22,false,13.77
2025-02-17,SKU-1039,C-EAST,17,false,13.66
2025-02-24,SKU-1039,C-EAST,12,false,13.95
2025-03-03,SKU-1039,C-EAST,17,false,14.13
2025-03-10,SKU-1039,C-EAST,16,false,13.96
2025-03-17,SKU-1039,C-EAST,13,false,14.01
2025-03-24,SKU-1039,C-EAST,13,false,14.01
2025-03-31,SKU-1039,C-EAST,12,false,13.49
2025-04-07,SKU-1039,C-EAST,15,false,14.05
2025-04-14,SKU-1039,C-EAST,13,false,13.98
2025-04-21,SKU-1039,C-EAST,15,false,13.44
2025-04-28,SKU-1039,C-EAST,17,false,13.78
2025-05-05,SKU-1039,C-EAST,12,false,13.56
2025-05-12,SKU-1039,C-EAST,10,false,13.88
2025-05-19,SKU-1039,C-EAST,15,false,13.66
2025-05-26,SKU-1039,C-EAST,11,false,14.06
2025-06-02,SKU-1039,C-EAST,13,false,14.13
2025-06-09,SKU-1039,C-EAST,12,false,13.91
2025-06-16,SKU-1039,C-EAST,12,false,13.55
2025-06-23,SKU-1039,C-EAST,13,false,13.74
2025-06-30,SKU-1039,C-EAST,12,false,13.73
2025-07-07,SKU-1039,C-EAST,17,false,13.61
2025-07-14,SKU-1039,C-EAST,14,false,13.41
2025-07-21,SKU-1039,C-EAST,17,false,14.17
2025-07-28,SKU-1039,C-EAST,12,false,13.94
2025-08-04,SKU-1039,C-EAST,14,false,14.07
2025-08-11,SKU-1039,C-EAST,14,false,13.94
2025-08-18,SKU-1039,C-EAST,19,false,13.46
2025-08-25,SKU-1039,C-EAST,19,false,13.39
2025-09-01,SKU-1039,C-EAST,14,false,13.64
2025-09-08,SKU-1039,C-EAST,14,false,13.75
2025-09-15,SKU-1039,C-EAST,14,false,13.78
2025-09-22,SKU-1039,C-EAST,20,false,14.01
2025-09-29,SKU-1039,C-EAST,19,false,13.63
2025-10-06,SKU-1039,C-EAST,20,false,13.88
2025-10-13,SKU-1039,C-EAST,23,false,14.04
2025-10-20,SKU-1039,C-EAST,15,false,13.77
2025-10-27,SKU-1039,C-EAST,19,false,13.65
2025-11-03,SKU-1039,C-EAST,20,false,14.03
2025-11-10,SKU-1039,C-EAST,19,false,14.19
2025-11-17,SKU-1039,C-EAST,17,false,13.93
2025-11-24,SKU-1039,C-EAST,18,false,13.5
2025-12-01,SKU-1039,C-EAST,13,false,13.86
2025-12-08,SKU-1039,C-EAST,20,false,13.54
2025-12-15,SKU-1039,C-EAST,18,false,13.75
2025-12-22,SKU-1039,C-EAST,19,false,13.42
2025-12-29,SKU-1039,C-EAST,21,false,13.78
2026-01-05,SKU-1039,C-EAST,18,false,13.68
2026-01-12,SKU-1039,C-EAST,18,false,13.59
2026-01-19,SKU-1039,C-EAST,14,false,13.66
2026-01-26,SKU-1039,C-EAST,16,false,13.83
2026-02-02,SKU-1039,C-EAST,22,false,13.52
2026-02-09,SKU-1039,C-EAST,19,false,13.64
2026-02-16,SKU-1039,C-EAST,15,false,13.9
2026-02-23,SKU-1039,C-EAST,13,false,13.41
2026-03-02,SKU-1039,C-EAST,15,false,13.99
2026-03-09,SKU-1039,C-EAST,17,false,13.45
2026-03-16,SKU-1039,C-EAST,18,false,13.98
2026-03-23,SKU-1039,C-EAST,15,false,13.6
2026-03-30,SKU-1039,C-EAST,13,false,14.18
2026-04-06,SKU-1039,C-EAST,14,false,14.06
2026-04-13,SKU-1039,C-EAST,16,false,14.07
2026-04-20,SKU-1039,C-EAST,17,false,13.76
2026-04-27,SKU-1039,C-EAST,14,false,13.44
2026-05-04,SKU-1039,C-EAST,16,false,14.18
2026-05-11,SKU-1039,C-EAST,16,false,13.9
2024-11-18,SKU-1039,C-WEST,8,false,14.19
2024-11-25,SKU-1039,C-WEST,6,false,13.44
2024-12-02,SKU-1039,C-WEST,9,false,13.73
2024-12-09,SKU-1039,C-WEST,9,false,13.39
2024-12-16,SKU-1039,C-WEST,9,false,13.92
2024-12-23,SKU-1039,C-WEST,8,false,14.11
2024-12-30,SKU-1039,C-WEST,9,false,13.47
2025-01-06,SKU-1039,C-WEST,6,false,13.53
2025-01-13,SKU-1039,C-WEST,6,false,13.8
2025-01-20,SKU-1039,C-WEST,9,false,14.08
2025-01-27,SKU-1039,C-WEST,7,false,13.69
2025-02-03,SKU-1039,C-WEST,10,false,13.77
2025-02-10,SKU-1039,C-WEST,8,false,13.99
2025-02-17,SKU-1039,C-WEST,7,false,14.02
2025-02-24,SKU-1039,C-WEST,6,false,13.88
2025-03-03,SKU-1039,C-WEST,7,false,14.13
2025-03-10,SKU-1039,C-WEST,7,false,13.71
2025-03-17,SKU-1039,C-WEST,7,false,13.39
2025-03-24,SKU-1039,C-WEST,6,false,13.6
2025-03-31,SKU-1039,C-WEST,7,false,13.87
2025-04-07,SKU-1039,C-WEST,10,false,13.56
2025-04-14,SKU-1039,C-WEST,5,false,13.39
2025-04-21,SKU-1039,C-WEST,6,false,13.61
2025-04-28,SKU-1039,C-WEST,6,false,13.97
2025-05-05,SKU-1039,C-WEST,6,false,13.9
2025-05-12,SKU-1039,C-WEST,6,false,13.65
2025-05-19,SKU-1039,C-WEST,5,false,13.39
2025-05-26,SKU-1039,C-WEST,7,false,13.66
2025-06-02,SKU-1039,C-WEST,5,false,13.76
2025-06-09,SKU-1039,C-WEST,6,false,13.99
2025-06-16,SKU-1039,C-WEST,6,false,13.93
2025-06-23,SKU-1039,C-WEST,7,false,13.59
2025-06-30,SKU-1039,C-WEST,9,false,14.18
2025-07-07,SKU-1039,C-WEST,8,false,13.9
2025-07-14,SKU-1039,C-WEST,5,false,13.55
2025-07-21,SKU-1039,C-WEST,5,false,14.19
2025-07-28,SKU-1039,C-WEST,5,false,13.64
2025-08-04,SKU-1039,C-WEST,7,false,13.93
2025-08-11,SKU-1039,C-WEST,8,false,13.51
2025-08-18,SKU-1039,C-WEST,8,false,13.67
2025-08-25,SKU-1039,C-WEST,4,false,13.4
2025-09-01,SKU-1039,C-WEST,8,false,14.18
2025-09-08,SKU-1039,C-WEST,6,false,13.57
2025-09-15,SKU-1039,C-WEST,7,false,14.14
2025-09-22,SKU-1039,C-WEST,8,false,14.08
2025-09-29,SKU-1039,C-WEST,12,false,13.46
2025-10-06,SKU-1039,C-WEST,10,false,13.85
2025-10-13,SKU-1039,C-WEST,10,false,13.52
2025-10-20,SKU-1039,C-WEST,8,false,13.98
2025-10-27,SKU-1039,C-WEST,9,false,13.71
2025-11-03,SKU-1039,C-WEST,6,false,13.72
2025-11-10,SKU-1039,C-WEST,9,false,13.87
2025-11-17,SKU-1039,C-WEST,8,false,13.46
2025-11-24,SKU-1039,C-WEST,9,false,14.11
2025-12-01,SKU-1039,C-WEST,12,false,13.64
2025-12-08,SKU-1039,C-WEST,9,false,13.82
2025-12-15,SKU-1039,C-WEST,6,false,13.79
2025-12-22,SKU-1039,C-WEST,8,false,13.76
2025-12-29,SKU-1039,C-WEST,8,false,14.14
2026-01-05,SKU-1039,C-WEST,7,false,13.52
2026-01-12,SKU-1039,C-WEST,9,false,13.65
2026-01-19,SKU-1039,C-WEST,9,false,13.76
2026-01-26,SKU-1039,C-WEST,8,false,13.69
2026-02-02,SKU-1039,C-WEST,9,false,13.92
2026-02-09,SKU-1039,C-WEST,8,false,13.9
2026-02-16,SKU-1039,C-WEST,6,false,13.89
2026-02-23,SKU-1039,C-WEST,8,false,14.2
2026-03-02,SKU-1039,C-WEST,7,false,13.87
2026-03-09,SKU-1039,C-WEST,7,false,13.65
2026-03-16,SKU-1039,C-WEST,3,false,13.58
2026-03-23,SKU-1039,C-WEST,4,false,13.45
2026-03-30,SKU-1039,C-WEST,5,false,13.68
2026-04-06,SKU-1039,C-WEST,5,false,13.92
2026-04-13,SKU-1039,C-WEST,5,false,13.83
2026-04-20,SKU-1039,C-WEST,7,false,13.51
2026-04-27,SKU-1039,C-WEST,5,false,13.68
2026-05-04,SKU-1039,C-WEST,7,false,14.15
2026-05-11,SKU-1039,C-WEST,5,false,14.14
2025-12-01,SKU-1040,C-EAST,11,false,19.18
2025-12-08,SKU-1040,C-EAST,23,false,19.62
2025-12-15,SKU-1040,C-EAST,23,false,19.06
2025-12-22,SKU-1040,C-EAST,19,false,18.62
2025-12-29,SKU-1040,C-EAST,27,false,19.54
2026-01-05,SKU-1040,C-EAST,29,false,18.67
2026-01-12,SKU-1040,C-EAST,19,false,18.5
2026-01-19,SKU-1040,C-EAST,50,false,18.53
2026-01-26,SKU-1040,C-EAST,40,false,19.63
2026-02-02,SKU-1040,C-EAST,31,false,19.47
2026-02-09,SKU-1040,C-EAST,45,false,18.79
2026-02-16,SKU-1040,C-EAST,37,false,19.31
2026-02-23,SKU-1040,C-EAST,41,false,19.23
2026-03-02,SKU-1040,C-EAST,31,false,19.1
2026-03-09,SKU-1040,C-EAST,31,false,19.32
2026-03-16,SKU-1040,C-EAST,33,false,18.82
2026-03-23,SKU-1040,C-EAST,20,false,19.37
2026-03-30,SKU-1040,C-EAST,34,false,18.9
2026-04-06,SKU-1040,C-EAST,26,false,19.23
2026-04-13,SKU-1040,C-EAST,43,true,15.85
2026-04-20,SKU-1040,C-EAST,58,true,15.47
2026-04-27,SKU-1040,C-EAST,52,true,16.75
2026-05-04,SKU-1040,C-EAST,40,true,15.25
2026-05-11,SKU-1040,C-EAST,23,false,18.96
2025-12-01,SKU-1040,C-WEST,4,false,19.4
2025-12-08,SKU-1040,C-WEST,9,false,18.73
2025-12-15,SKU-1040,C-WEST,12,false,18.57
2025-12-22,SKU-1040,C-WEST,13,false,19.52
2025-12-29,SKU-1040,C-WEST,13,false,18.79
2026-01-05,SKU-1040,C-WEST,13,false,18.83
2026-01-12,SKU-1040,C-WEST,9,false,19.29
2026-01-19,SKU-1040,C-WEST,14,false,19.14
2026-01-26,SKU-1040,C-WEST,10,false,18.66
2026-02-02,SKU-1040,C-WEST,11,false,18.82
2026-02-09,SKU-1040,C-WEST,12,false,18.9
2026-02-16,SKU-1040,C-WEST,14,false,18.82
2026-02-23,SKU-1040,C-WEST,13,false,19.21
2026-03-02,SKU-1040,C-WEST,11,false,19.03
2026-03-09,SKU-1040,C-WEST,9,false,19.34
2026-03-16,SKU-1040,C-WEST,12,false,19.28
2026-03-23,SKU-1040,C-WEST,11,false,18.93
2026-03-30,SKU-1040,C-WEST,12,false,19.22
2026-04-06,SKU-1040,C-WEST,13,false,18.83
2026-04-13,SKU-1040,C-WEST,12,false,19.16
2026-04-20,SKU-1040,C-WEST,10,false,19.34
2026-04-27,SKU-1040,C-WEST,13,false,19.63
2026-05-04,SKU-1040,C-WEST,7,false,18.68
2026-05-11,SKU-1040,C-WEST,12,false,18.88
